{"type":"FeatureCollection","crs":{"type":"name","properties":{"name":"EPSG:4326"}},"features":[{"type":"Feature","id":109,"geometry":{"type":"Polygon","coordinates":[[[-106.94906659979,38.533623600717],[-106.949228243009,38.5336066140021],[-106.949412052369,38.533532598246],[-106.952242366423,38.5323928354224],[-106.952397893027,38.5323302016492],[-106.953127956221,38.5320361877127],[-106.953430875851,38.5319150686281],[-106.957575207787,38.5302578791853],[-106.962123832239,38.528438767813],[-106.962447926764,38.52830746138],[-106.963851516303,38.5277387769888],[-106.967500145484,38.526260364531],[-106.968769989851,38.5257457841372],[-106.974657163194,38.5233598705351],[-106.975386933938,38.5230718873688],[-106.976128815776,38.5228163506705],[-106.976382170918,38.5227463478484],[-106.976893307973,38.5226310997979],[-106.977262415922,38.5225794236115],[-106.977423025475,38.5225569316351],[-106.977668205545,38.5225361464165],[-106.977955795424,38.5225117605826],[-106.978494100388,38.522493652347],[-106.979595861805,38.5225071846804],[-106.988743295825,38.5227224658224],[-106.989314108119,38.5227198669127],[-106.98988146985,38.5226936072769],[-106.99044769904,38.5226399981531],[-106.991012064951,38.522562097665],[-106.993228090428,38.5221492253149],[-106.995717185501,38.5216597311388],[-106.997585905553,38.5212922011151],[-106.997595147019,38.5212904214512],[-107.003004988232,38.5202503036579],[-107.004422254907,38.5199506357626],[-107.005548084366,38.5196508532858],[-107.008193883127,38.5188245230211],[-107.010254376301,38.5181809406009],[-107.011623712856,38.5177652285802],[-107.012451544545,38.5175294858397],[-107.013304009759,38.5173173094867],[-107.013886296454,38.5171918462343],[-107.015308447582,38.5169354315719],[-107.017386318623,38.5165607601929],[-107.018231625964,38.5163930138418],[-107.018772290169,38.516242238736],[-107.019277170077,38.5160357066352],[-107.019652979391,38.5158231228879],[-107.019734302915,38.515777120618],[-107.019934826562,38.5156297845658],[-107.020297773068,38.5153072767536],[-107.02198182076,38.5135444339545],[-107.023151121363,38.5123203469627],[-107.02370602121,38.5117263845941],[-107.024062652897,38.5113180921393],[-107.024549297047,38.5106805671605],[-107.024605722707,38.5105942586526],[-107.024837252179,38.5102401019535],[-107.026506700431,38.5075850138951],[-107.026756342825,38.5071294652787],[-107.026862095818,38.50689629903],[-107.026914853816,38.5067538252691],[-107.026950118308,38.5066586008576],[-107.027066676562,38.5061716462099],[-107.027104403326,38.5056768203558],[-107.027069759823,38.5051783366805],[-107.026973827913,38.5046763005867],[-107.026180831167,38.5010825985178],[-107.026098044361,38.5005716653385],[-107.026068751573,38.5000611849549],[-107.026080503567,38.4998078667599],[-107.026149865873,38.499308744704],[-107.026272851337,38.498818065792],[-107.026357393161,38.4985766976066],[-107.026458042918,38.498338952244],[-107.026700471289,38.4978749679927],[-107.026996382139,38.497430881361],[-107.027165206561,38.4972193390069],[-107.027535616802,38.4968189522418],[-107.02773784572,38.4966317816204],[-107.027949234562,38.4964531835079],[-107.028398780877,38.4961233298751],[-107.029560825622,38.4954111848037],[-107.03173696637,38.4941298171049],[-107.033125575395,38.4933121258228],[-107.033520302875,38.4930293673118],[-107.033693660063,38.4928728112867],[-107.033984139569,38.4925292996539],[-107.03409857877,38.4923435531981],[-107.034191510343,38.4921497191244],[-107.034327315205,38.4917433129356],[-107.034596064492,38.4906985653577],[-107.034771527497,38.4903053912165],[-107.03489218164,38.4901223113118],[-107.03503295962,38.4899495413483],[-107.035201512447,38.4897937424439],[-107.0353905228,38.4896540054386],[-107.035598295311,38.4895316032074],[-107.035823001517,38.4894275586379],[-107.036061771531,38.4893425522991],[-107.03631310242,38.4892798000854],[-107.036574774035,38.4892398451399],[-107.036840216559,38.4892214410453],[-107.037105936426,38.4892271355527],[-107.037374437549,38.489255046873],[-107.038439975837,38.4894197270554],[-107.038708410042,38.4894419686404],[-107.038975612959,38.4894449298113],[-107.039239720269,38.4894263362726],[-107.039497051606,38.4893821251883],[-107.039745192293,38.4893136812888],[-107.039982914685,38.4892250448623],[-107.040208628749,38.4891179737628],[-107.040417754375,38.4889910520778],[-107.040607280947,38.4888460714608],[-107.040776413057,38.4886853166039],[-107.040922881755,38.4885104490978],[-107.041043454557,38.4883235167731],[-107.041141724479,38.4881275207582],[-107.041392406427,38.4875164588987],[-107.041490774725,38.4873203617532],[-107.041599652807,38.4871294517323],[-107.0417342835,38.4869516808971],[-107.041889795427,38.4867870890606],[-107.042065244804,38.4866363594045],[-107.042262973871,38.4865032715854],[-107.042476931453,38.4863870840306],[-107.042703867694,38.4862871955571],[-107.042944576526,38.486207764259],[-107.043198195647,38.486148696968],[-107.04346041967,38.4861174756566],[-107.043726303912,38.4861099064212],[-107.043991496676,38.486123307884],[-107.044253072106,38.486162452815],[-107.044370669756,38.4861919465317],[-107.044509835725,38.4862268484745],[-107.044756090567,38.4863096199872],[-107.044993217686,38.4864129779855],[-107.045889806441,38.4868826028595],[-107.046123422678,38.4869837130935],[-107.046366825018,38.4870659993693],[-107.046618473941,38.4871269204489],[-107.046876948288,38.4871640681989],[-107.047138248664,38.487176701528],[-107.047399753328,38.4871661728375],[-107.047658159872,38.4871328732847],[-107.047910579014,38.4870792322903],[-107.048153569848,38.4870047964686],[-107.048604897944,38.4867994279602],[-107.04947384954,38.4863161527883],[-107.049704072765,38.4862112463446],[-107.049945072256,38.4861249654139],[-107.050195053413,38.4860599184529],[-107.050450089174,38.4860126419262],[-107.050709178502,38.4859931103092],[-107.05096788873,38.4859949855017],[-107.05122480571,38.4860197340125],[-107.051477787879,38.4860666184417],[-107.051724116493,38.4861359748003],[-107.051958891689,38.4862239963182],[-107.052183692694,38.4863366385786],[-107.052388580513,38.4864670474058],[-107.052574492977,38.4866171618135],[-107.052740281351,38.4867788201921],[-107.053019864083,38.4871350814311],[-107.053668641835,38.4880784463754],[-107.05394837019,38.488454021895],[-107.054248519989,38.4888098110448],[-107.054414495003,38.4889793390977],[-107.054602031191,38.4891297279934],[-107.05480552903,38.4892660588907],[-107.055025028607,38.4893857088527],[-107.055495731725,38.4895879480544],[-107.055747731643,38.4896501587161],[-107.056264270725,38.4897236091974],[-107.05650217858,38.4897199983355],[-107.056781995009,38.489715740893],[-107.057047484102,38.48969629896],[-107.058829256235,38.4895036509732],[-107.058905007882,38.4885214275904],[-107.059993023577,38.4885698708471],[-107.060749691258,38.4885069957594],[-107.06156114023,38.4881412886934],[-107.062118487427,38.4877349975868],[-107.062676883448,38.4873782449058],[-107.063422230623,38.4869190759787],[-107.064595889105,38.4859522499939],[-107.065152843629,38.4855459515684],[-107.06564712962,38.4851407561616],[-107.066330471664,38.4847322223825],[-107.067146224431,38.4845195850709],[-107.068152678527,38.4843486278971],[-107.069032857787,38.4841843989943],[-107.069723257335,38.4840235183836],[-107.07047844852,38.4839110474975],[-107.071295596956,38.4837479162439],[-107.072112383971,38.4835847857111],[-107.073120358949,38.4834678239835],[-107.074320586701,38.4834465667107],[-107.075460636511,38.4835254827649],[-107.076669395473,38.4838014068414],[-107.077748921121,38.4839804928327],[-107.079451534278,38.4838511478009],[-107.081023828289,38.4835754160948],[-107.082468645029,38.4832523713091],[-107.084922102916,38.4828617931658],[-107.086115169475,38.4825927455706],[-107.086932262886,38.4824295065302],[-107.088254567139,38.4822572524181],[-107.089074023457,38.4821885696942],[-107.090083377212,38.4821209969891],[-107.091154312895,38.4820027564077],[-107.092351637267,38.4818822475469],[-107.092790965003,38.4817752772133],[-107.093864757383,38.4817560795212],[-107.094558298956,38.4816941155355],[-107.09543837711,38.4815296906044],[-107.096318450975,38.4813652591651],[-107.097187033192,38.4808045524175],[-107.098362643932,38.4799364760918],[-107.09897985575,38.4794298201387],[-107.099602808794,38.4791212952973],[-107.100481404628,38.478907300072],[-107.101489257646,38.4787900971023],[-107.102439493323,38.4788721572529],[-107.103515034735,38.4789023993091],[-107.104205298331,38.478741318781],[-107.10489447622,38.4785306944432],[-107.105646662152,38.4783189330097],[-107.10608148987,38.4780588108342],[-107.106448747793,38.4776557302243],[-107.106676997005,38.47680911607],[-107.106906909946,38.4760075253804],[-107.106952613257,38.4754119915502],[-107.107558184121,38.474509026167],[-107.108303331703,38.4740450728921],[-107.109293418195,38.4733334118914],[-107.110153135647,38.4724754142197],[-107.110708506493,38.4720148656589],[-107.111139074702,38.471610629339],[-107.111381703885,38.4712593396693],[-107.111626862758,38.4710071224615],[-107.11193827599,38.4708528283847],[-107.112756617436,38.4707389474173],[-107.113511592286,38.4706262044915],[-107.114135721112,38.4703626359575],[-107.114564811798,38.4699088546356],[-107.114927998123,38.4693571435498],[-107.114979423439,38.4689597405132],[-107.11541284401,38.4686545557612],[-107.116103208029,38.4684888988789],[-107.116676156734,38.4686317268123],[-107.117188510665,38.4688702606511],[-107.118140077045,38.469001729741],[-107.118707101493,38.4689419123992],[-107.11920241819,38.4685860345889],[-107.119443058231,38.4681806999223],[-107.119369901269,38.4678351092408],[-107.119013430902,38.4664493957146],[-107.119000380162,38.4660035984509],[-107.118985879678,38.4655082681136],[-107.119162190765,38.4650590440848],[-107.119273918037,38.4645569239529],[-107.119510683602,38.4640074867163],[-107.119632333102,38.4638566069931],[-107.120378517397,38.4634466239448],[-107.12063123255,38.4634420477594],[-107.121644638694,38.4635228099819],[-107.121842706875,38.4638165768539],[-107.122039325804,38.4640608103599],[-107.122490115147,38.4643499961644],[-107.122935098479,38.4644410484255],[-107.123822160553,38.4645240820154],[-107.124830125655,38.4644066781475],[-107.12615053634,38.4641844746748],[-107.127091865034,38.4639691428061],[-107.129246517659,38.4641777809334],[-107.13013941189,38.4644588973313],[-107.130903169516,38.4646477438091],[-107.131540439796,38.4648343823383],[-107.132553873272,38.4649150491816],[-107.133373210117,38.4648505659672],[-107.134445263939,38.4647814709206],[-107.135831928496,38.4646570690641],[-107.136840974775,38.4645891013047],[-107.137598766521,38.4645752707612],[-107.138548841995,38.4646570421692],[-107.139566669008,38.4648862453404],[-107.140394785976,38.4651189073132],[-107.140781186534,38.4653596395036],[-107.141290661877,38.4654990016711],[-107.141864963011,38.4656867349924],[-107.142433402678,38.4656763362932],[-107.143191201884,38.4656624692686],[-107.144006133887,38.4654493149266],[-107.145767102817,38.4651692642619],[-107.147084513467,38.464847761839],[-107.148211085595,38.4644801867186],[-107.148835027353,38.4642164381234],[-107.149081858324,38.4640136721742],[-107.149512159987,38.4636093018008],[-107.14975274464,38.4632084128584],[-107.150114155119,38.462607068731],[-107.150417955567,38.4622005123422],[-107.151033172712,38.4616440634165],[-107.151835141212,38.4609850616738],[-107.152329877248,38.4606290561514],[-107.152576686317,38.4604262833603],[-107.152889301666,38.4603169130241],[-107.153393226057,38.4602580885189],[-107.153710393814,38.4603018148364],[-107.15485615928,38.4605825966051],[-107.155374472803,38.4610190892002],[-107.155763848249,38.4613588350474],[-107.156224718656,38.461994617282],[-107.156493787556,38.4625393171708],[-107.157012125188,38.4629758016795],[-107.157649441166,38.4631622965798],[-107.158410160237,38.4632473954566],[-107.15910528655,38.4632345807913],[-107.160359240935,38.4629140997512],[-107.160793906776,38.4626582850088],[-107.161036262048,38.4623068998273],[-107.161025777358,38.4619556750242],[-107.160696771916,38.4615157151434],[-107.160363336271,38.4609271589868],[-107.160223683914,38.4604837042114],[-107.160330684808,38.4598329578169],[-107.160633071883,38.4593813479023],[-107.161508271097,38.4590678427421],[-107.162396776837,38.4592001164124],[-107.163158938071,38.4593347172064],[-107.164048930066,38.4595165097837],[-107.165129750161,38.4597443264541],[-107.165570304955,38.4596866212483],[-107.166451413352,38.4595712059016],[-107.16694903137,38.4593142039658],[-107.168385160312,38.4587424718395],[-107.169703827082,38.4584702523724],[-107.171145722417,38.4580921102774],[-107.171771141596,38.4578822774854],[-107.172465494449,38.4578693983329],[-107.173163178707,38.4579555710983],[-107.173865460003,38.4581948364716],[-107.17437940373,38.458482648302],[-107.174899660514,38.4589685762081],[-107.175415100928,38.4593059144552],[-107.175993898821,38.4596420730814],[-107.176256791751,38.4599886053615],[-107.176268703138,38.4603848551181],[-107.176285081678,38.4609296984844],[-107.176360346639,38.4613247707585],[-107.176561605657,38.4617175011716],[-107.176890841809,38.4621619164093],[-107.177225905519,38.4627999524032],[-107.177492018177,38.4632410340592],[-107.177696403567,38.463737327206],[-107.178233116831,38.4647680804919],[-107.178455401642,38.4658587451501],[-107.178545235578,38.4667491327776],[-107.178695584266,38.4675437819791],[-107.179161526392,38.4683280526861],[-107.179689346885,38.4690616106984],[-107.180147984198,38.4696027244404],[-107.180791383131,38.4699872136428],[-107.181430309836,38.4702231061924],[-107.183395532768,38.470434271678],[-107.185112880102,38.4707987062153],[-107.185945819978,38.4711841346565],[-107.186909489727,38.4717112863321],[-107.187556295232,38.472194791408],[-107.188014874755,38.4727313689271],[-107.188404242709,38.4730755086292],[-107.188984709439,38.4734611279196],[-107.189431319615,38.4736014538077],[-107.19019067736,38.4736368109828],[-107.190631292856,38.4735790096421],[-107.191258282138,38.4734186015675],[-107.191757757492,38.4732110184305],[-107.192135005032,38.4731543976035],[-107.192641979968,38.4731944636908],[-107.193088236338,38.4733347821831],[-107.193987477115,38.4738135225595],[-107.195485410347,38.4752767096563],[-107.196797029206,38.4768424896299],[-107.197581998542,38.4777198141361],[-107.198106843508,38.4783587291918],[-107.198694929743,38.4789919488282],[-107.199277003583,38.4794270439645],[-107.199982093601,38.4797607075634],[-107.200873925261,38.4799917395635],[-107.202398949487,38.480264919535],[-107.20354053776,38.4803921155988],[-107.20429997059,38.4804273788377],[-107.205247284817,38.4804095400155],[-107.206316804522,38.4802407151781],[-107.206881953651,38.4801309470513],[-107.207758556585,38.4798621228787],[-107.208188609857,38.4794575447745],[-107.208558671541,38.4791532137795],[-107.209053237962,38.478796974125],[-107.209359925992,38.4784938363115],[-107.209854841383,38.4781375867408],[-107.210359985692,38.4781280515346],[-107.211116230803,38.4780597086071],[-107.211684741436,38.4780489710071],[-107.212059324017,38.4778932191913],[-107.212487826656,38.4774390963596],[-107.212662061121,38.4769402188969],[-107.212898144317,38.4763906137566],[-107.213384956682,38.4757822048362],[-107.213998268437,38.4751759073327],[-107.214490106404,38.4747205796757],[-107.215360547968,38.4742535819029],[-107.216053878036,38.4741909031899],[-107.217871659165,38.4737104586501],[-107.218811641614,38.4734448574509],[-107.219369479238,38.4730873758633],[-107.220179683627,38.4727251066777],[-107.220869954479,38.472563340686],[-107.221690789639,38.4725477687195],[-107.222448621854,38.4725333868622],[-107.223080445548,38.4725213925957],[-107.223773392764,38.4724586756228],[-107.22446212949,38.4722473592362],[-107.224959474877,38.4719856121072],[-107.225324858564,38.4715326425137],[-107.225107722506,38.4706447171099],[-107.224836946311,38.4700506557461],[-107.224698405917,38.4696568204326],[-107.22486949385,38.4690588682298],[-107.225111551425,38.4687073594363],[-107.225474898585,38.4682003642806],[-107.226414779524,38.4679347047887],[-107.226850751979,38.4677281805587],[-107.227158842603,38.4674745287037],[-107.227337527983,38.4671242207468],[-107.227325334279,38.4667279850603],[-107.2271896962,38.4664287089852],[-107.227242383824,38.4660807976131],[-107.227550466291,38.4658271449146],[-107.227732193741,38.4655758953889],[-107.227962029932,38.4648281456101],[-107.228385643515,38.4642208779456],[-107.228875433264,38.4637159714104],[-107.22950224335,38.4635553633509],[-107.230320277944,38.4634406683621],[-107.231333760409,38.463520477293],[-107.231903676246,38.4635591743429],[-107.232863331967,38.4639373465262],[-107.233693234226,38.4642188690682],[-107.234146117643,38.4645616433599],[-107.23472674659,38.4649470310222],[-107.235177972046,38.4652357691016],[-107.235754022124,38.4654725637094],[-107.236465252107,38.4660041239666],[-107.236916489827,38.4662928549068],[-107.237113634082,38.4665413857953],[-107.237315232497,38.4669340010476],[-107.23745077374,38.4672287614187],[-107.237583252482,38.4674244633879],[-107.238037567896,38.4678122477108],[-107.238990824326,38.467992257268],[-107.240323649719,38.4681695026163],[-107.241207781546,38.4681525831663],[-107.242472155821,38.4681779338152],[-107.243042111759,38.4682165753046],[-107.243869386141,38.4683989581603],[-107.245141446649,38.4686719241182],[-107.24667084188,38.4690886136879],[-107.247182420566,38.4692770298339],[-107.247818462864,38.4694134961302],[-107.248323533244,38.4694037990615],[-107.248511351782,38.4693506342213],[-107.24887964885,38.4689966532572],[-107.249184586045,38.4686438882427],[-107.249489520311,38.4682911225048],[-107.249795991284,38.4679878847346],[-107.250295109657,38.4677755552463],[-107.25092652244,38.4677634189227],[-107.251625914035,38.4678986467888],[-107.252388445288,38.4680371611887],[-107.253022943138,38.4681240706737],[-107.253463463434,38.4680660352943],[-107.254410584201,38.4680478038038],[-107.255359604927,38.4680790862805],[-107.256308268723,38.4681103679232],[-107.256748785688,38.4680523202614],[-107.257378653253,38.4679906206491],[-107.257757714439,38.4679833121917],[-107.258259681686,38.4678745157483],[-107.259080801201,38.4678586765012],[-107.259715303717,38.4679455495096],[-107.2611211405,38.4684635501727],[-107.261758745964,38.4686494684283],[-107.263596546617,38.4688121870486],[-107.264924285207,38.4688360697143],[-107.265302991469,38.4688287436208],[-107.26600706727,38.4691124688202],[-107.266524539541,38.4694989182427],[-107.266982260999,38.4699901436888],[-107.267501296657,38.470426116458],[-107.268020695971,38.4708620797804],[-107.268855460853,38.4712919301489],[-107.269243997416,38.4715862545314],[-107.269826416493,38.4720209881508],[-107.270154567525,38.4724110908853],[-107.270294912686,38.4728543924162],[-107.27050151236,38.4734000303818],[-107.270576947759,38.4737950321],[-107.270780659988,38.4742371040298],[-107.271703863447,38.4754626520888],[-107.271981120174,38.476250201019],[-107.272502144728,38.4767356697793],[-107.273149328482,38.4772231920592],[-107.273921192789,38.4776542258868],[-107.274817878325,38.4780332713385],[-107.275515491385,38.4781188310243],[-107.276529209569,38.4781982405734],[-107.277803109219,38.4785203696671],[-107.279266539486,38.4788433004509],[-107.280086210496,38.4787777825839],[-107.280586509109,38.4786148592553],[-107.280635822051,38.4781678770572],[-107.280555284063,38.4776243082554],[-107.28040933753,38.476982897389],[-107.280392023989,38.4764335916367],[-107.280687465661,38.4757835833187],[-107.28105371256,38.4753799847144],[-107.281672683451,38.4749714602796],[-107.282294987147,38.4746574783332],[-107.283232797969,38.4743418461689],[-107.28436501332,38.4741710876828],[-107.285684664257,38.4739471014217],[-107.286566916387,38.4738803170679],[-107.288461623055,38.4738432995116],[-107.289222567824,38.4739275398747],[-107.290370436899,38.4742519965318],[-107.291139227823,38.4745838603757],[-107.292797060388,38.4750514915478],[-107.293564300341,38.4753338116751],[-107.294386697443,38.4753672564628],[-107.295144878551,38.475352396424],[-107.296466083316,38.475177816042],[-107.297339258442,38.4748137812794],[-107.298207562199,38.4742966568911],[-107.299535649985,38.4723333192559],[-107.300697719354,38.4711211022011],[-107.301682499893,38.470304316647],[-107.30235835906,38.4696963345296],[-107.302718507395,38.4690945579697],[-107.30381382169,38.4677800024488],[-107.3054857264,38.4667018745566],[-107.306661812967,38.465935344041],[-107.309100603534,38.4651439074976],[-107.311302682742,38.4648481662496],[-107.31318920608,38.4645631233405],[-107.314764430303,38.4644328779553],[-107.315711821507,38.4644141452753],[-107.316974530432,38.4643891659211],[-107.318111253455,38.4643666672091],[-107.318542166605,38.4640112311078],[-107.31890179341,38.4634094164253],[-107.319070353815,38.4627573219434],[-107.319925799833,38.4618483366348],[-107.321357498618,38.461175711394],[-107.32260923558,38.4607994798699],[-107.323099916433,38.4603437262687],[-107.323463024366,38.459840944336],[-107.323767551744,38.4594879971021],[-107.324188724747,38.4588308821375],[-107.32480730363,38.4584221406154],[-107.325683309409,38.4581569565945],[-107.32649278083,38.4577939725227],[-107.327427340148,38.4573789390043],[-107.328115243489,38.4571670332824],[-107.328889936246,38.4566920930887],[-107.329570585071,38.4562550607945],[-107.330096952844,38.4559202101356],[-107.330845856197,38.4556349907711],[-107.331345148355,38.4554493466795],[-107.331841605103,38.4551646415096],[-107.332274861202,38.4548856983004],[-107.332707099709,38.4545752370577],[-107.33304464706,38.4542711661143],[-107.333350700367,38.4539677217744],[-107.33377900954,38.4535356932841],[-107.334183951656,38.4533564228461],[-107.33455892953,38.4532363166068],[-107.334872085908,38.4531534838201],[-107.33515621909,38.4531478181496],[-107.335566672736,38.4531396324064],[-107.33582018635,38.4531616072969],[-107.336202859155,38.4532801203267],[-107.336582549974,38.4532950709599],[-107.336961155911,38.4532875157866],[-107.33745706889,38.453286628358],[-107.338186848217,38.4530873438939],[-107.339097426561,38.4529204855306],[-107.339659288368,38.452711030271],[-107.340500989879,38.4523743379769],[-107.341000590363,38.4521886469617],[-107.341466738175,38.4519540650714],[-107.341992806248,38.4516236729042],[-107.342427457198,38.4513897171653],[-107.342678489826,38.4513351377608],[-107.343151911852,38.4513256657936],[-107.343532465781,38.4513676081417],[-107.343916743348,38.4515356214491],[-107.344525229485,38.4517937547811],[-107.345101646481,38.4520345061576],[-107.345548394796,38.452174231495],[-107.346023424732,38.4522142732594],[-107.347035220583,38.4522435560167],[-107.348455855492,38.4522150738648],[-107.349309483854,38.4522475088661],[-107.350135926314,38.4524021245887],[-107.350615052808,38.4525682120134],[-107.351601795609,38.4527961883725],[-107.352525206199,38.4530254286768],[-107.353064835476,38.4531137014667],[-107.353510871526,38.4532308842492],[-107.353829711546,38.453323590766],[-107.354211013494,38.4533880092719],[-107.35478176286,38.4534531222666],[-107.355508565464,38.4534610307143],[-107.355986098848,38.4535775703881],[-107.357289747067,38.4538486794329],[-107.358757668683,38.4543146949423],[-107.359554944556,38.4545509251215],[-107.360252761305,38.4546359768586],[-107.360884744668,38.454645762895],[-107.361640700369,38.4545809616879],[-107.362175125958,38.454498098536],[-107.363020177594,38.4542557873488],[-107.364143409398,38.4538366556471],[-107.36601718618,38.4531770895583],[-107.367387277108,38.4525772352647],[-107.369009977997,38.4519722549458],[-107.369876002907,38.4514095997267],[-107.371059241651,38.4508900731283],[-107.372149471455,38.4504174710642],[-107.373305319722,38.450024623055],[-107.374241496511,38.4496812699846],[-107.374582827347,38.4494986454593],[-107.375558220671,38.4493797476695],[-107.375903682456,38.4493231816486],[-107.376187053593,38.4492949058546],[-107.376564360971,38.4492376916905],[-107.377004642854,38.4491791980417],[-107.37738232946,38.4491444996407],[-107.377792749093,38.4491361666775],[-107.378077744803,38.449157410715],[-107.378300145295,38.4492024514404],[-107.378615742223,38.4491960413603],[-107.378836874705,38.4491915494377],[-107.379180705499,38.4490854495309],[-107.379524535241,38.4489793486448],[-107.379932438015,38.4488944706637],[-107.38027913853,38.448864897896],[-107.380754159664,38.4489047987852],[-107.381229180077,38.4489446977526],[-107.381736430371,38.4490064653362],[-107.382401983935,38.4490695154013],[-107.382717579343,38.4490630942914],[-107.383255578565,38.4491017035295],[-107.384454983493,38.4490772871261],[-107.385683710746,38.4489756724666],[-107.386696349667,38.4490316264614],[-107.387045064181,38.4490740759707],[-107.387551575724,38.4491133072644],[-107.387991846957,38.4490547725733],[-107.388177864916,38.4489518644573],[-107.388429591988,38.4489196992018],[-107.388712955071,38.4488913932898],[-107.389251312009,38.4489299676197],[-107.389697225874,38.4490425093187],[-107.390495274658,38.4493010384423],[-107.391234367982,38.44968240652],[-107.392389330676,38.4502309772596],[-107.39319430661,38.4506875751186],[-107.393583449354,38.4509994909716],[-107.394127628649,38.4512136265399],[-107.394605200941,38.4513300071561],[-107.395270277165,38.4513884881146],[-107.395965710553,38.4514012921225],[-107.396881416778,38.4514050782659],[-107.397670034657,38.4513664075074],[-107.398080102403,38.4513580104131],[-107.398776280823,38.4513933084423],[-107.399600056426,38.4514755448447],[-107.400453142309,38.4514805862052],[-107.401853358931,38.4517987744295],[-107.402844414106,38.4521523735851],[-107.403454892873,38.4524642190904],[-107.403748126111,38.4527330169602],[-107.403912505379,38.4529278710866],[-107.404170067335,38.4530712546861],[-107.40477472794,38.4532075099816],[-107.40540669219,38.4532170558281],[-107.405943440705,38.4532060286908],[-107.406976859063,38.452937005279],[-107.408321680569,38.4525354232707],[-107.410016126077,38.4522032190139],[-107.41151301881,38.4516272734952],[-107.412261080432,38.4513280385912],[-107.41319743089,38.4509843721022],[-107.413821120343,38.450746257834],[-107.413903083795,38.4508526927769],[-107.414335944966,38.4511951735406],[-107.414892718405,38.4514630142735],[-107.415193719758,38.4516415190614],[-107.415388771763,38.4517996825977],[-107.415626890938,38.451992998855],[-107.415823296685,38.4521916803871],[-107.416040064705,38.4523674155105],[-107.416148570364,38.452464290777],[-107.416383989402,38.4525765677931],[-107.416533066628,38.4526230484148],[-107.416853986986,38.4527650962364],[-107.417129978521,38.4528269772674],[-107.417235538177,38.4528247982357],[-107.417446992824,38.4528519692574],[-107.417617783779,38.4529160209371],[-107.417704936993,38.4529953148272],[-107.417792935803,38.4531106326645],[-107.417860630674,38.453239885231],[-107.417969140051,38.4533367586736],[-107.418120475098,38.453450768371],[-107.418228985141,38.4535476415477],[-107.418361465135,38.4537296180611],[-107.418537221573,38.4539422368531],[-107.418910302789,38.4543805435859],[-107.419019868225,38.4545089304621],[-107.419108471591,38.454642255477],[-107.419215688462,38.4546895973948],[-107.419472232283,38.4548014315633],[-107.419685705689,38.4548781137352],[-107.419924449492,38.455089428711],[-107.42016319355,38.4553007431706],[-107.420490755238,38.4556408714123],[-107.420690345416,38.4559340873448],[-107.420691359945,38.4565963278587],[-107.420690720076,38.4572090455373],[-107.420680746032,38.4575426350163],[-107.420647759706,38.4578091225295],[-107.420675495993,38.4580067770138],[-107.420722935287,38.4581724878971],[-107.420811152253,38.4582832935543],[-107.42105075707,38.4585306295786],[-107.422144919443,38.4591026842522],[-107.422700275498,38.4593254639641],[-107.423087290427,38.4595472196281],[-107.423493405628,38.4597190217092],[-107.423666479003,38.4598505946219],[-107.423927419686,38.4600929776989],[-107.424124926006,38.4603231579539],[-107.424220030603,38.4606500667035],[-107.42425441226,38.4610458102195],[-107.424256066236,38.4617260572847],[-107.424209214515,38.4622090809296],[-107.424072325353,38.462527277205],[-107.423933173555,38.4627779425579],[-107.423668293005,38.4630492310701],[-107.423469111423,38.4634002522923],[-107.423352276161,38.4636864964426],[-107.423194718499,38.4640186350036],[-107.423187469858,38.4644332609596],[-107.423201337059,38.4648474498781],[-107.423277948203,38.465242319495],[-107.423295283398,38.4657600555316],[-107.423267372879,38.4661886245416],[-107.423230719074,38.4663560745168],[-107.423044709344,38.4664590379226],[-107.422961904528,38.4665103084336],[-107.422859396795,38.4665935228143],[-107.422819426078,38.4666619275205],[-107.422648128511,38.4672151030561],[-107.42256944868,38.4673789172382],[-107.422575024839,38.4675454932126],[-107.422578943248,38.4676625465968],[-107.422499809567,38.4678128546057],[-107.422312834998,38.4678978161609],[-107.422146524659,38.4679688344147],[-107.421979610146,38.4680218442461],[-107.421812093871,38.4680568456017],[-107.421603455607,38.4681152231114],[-107.42141587659,38.4681821750641],[-107.421271282863,38.468270763645],[-107.421128194999,38.4684043726324],[-107.421090932872,38.4685538138494],[-107.421102530771,38.4689004722619],[-107.421108103859,38.4690670483738],[-107.420965164802,38.4692051592641],[-107.420862651025,38.4692883720616],[-107.42078315478,38.4694386864357],[-107.420766914254,38.4695741773788],[-107.420750164591,38.4697051736731],[-107.420712298733,38.4698366065562],[-107.420613247564,38.4700233664961],[-107.420553813287,38.4701417297344],[-107.420536460778,38.4702547177716],[-107.420574294645,38.470754009589],[-107.420667045971,38.470999876356],[-107.420755523507,38.4711286969616],[-107.420906901465,38.4712427013731],[-107.420995531514,38.4713760238006],[-107.420978086108,38.471475498289],[-107.420853491638,38.4715411469963],[-107.420813873848,38.4716095437278],[-107.420816133152,38.4716770745678],[-107.420778266573,38.4718085074617],[-107.420867349014,38.4719553361267],[-107.421060963674,38.4720684669521],[-107.421319682361,38.4722433234089],[-107.421473323574,38.4724248577635],[-107.421519927888,38.4725545437658],[-107.421525502664,38.4727211197221],[-107.421408646511,38.4730073622632],[-107.42133282078,38.4732567147714],[-107.421254978835,38.4734565520677],[-107.421181410849,38.4737734353129],[-107.421105827765,38.4740408033227],[-107.420945528023,38.4742919024398],[-107.420866986921,38.4744602177531],[-107.420829721794,38.4746096588661],[-107.420794472031,38.4748086151459],[-107.42080110005,38.4750067055018],[-107.420807276217,38.47519128969],[-107.420768805571,38.4753047143568],[-107.420730485449,38.4754226410662],[-107.420712680484,38.4755221229091],[-107.420716597,38.4756391762949],[-107.420656913605,38.4757395240256],[-107.420554635734,38.4758407523872],[-107.420476092217,38.4760090674825],[-107.420441536835,38.4762395454549],[-107.420429305482,38.4765056032207],[-107.420373537143,38.4767230042217],[-107.420295086824,38.4769048327667],[-107.420173249723,38.4770425064949],[-107.420029089055,38.4771446002125],[-107.419840789861,38.4771800285683],[-107.419590581594,38.4772707981434],[-107.419466936869,38.4773544464981],[-107.419281741079,38.4774934286866],[-107.419139234259,38.4776450439961],[-107.418831801845,38.4778991804538],[-107.418667571491,38.4780332233552],[-107.41852506234,38.4781848379811],[-107.41838375664,38.4783724689209],[-107.418303644164,38.4785047736583],[-107.418245159185,38.4786411367741],[-107.418165648154,38.4787914496664],[-107.418085893377,38.4789237468688],[-107.418026447207,38.4790421090583],[-107.418012551668,38.4792586441085],[-107.418040292125,38.479456298523],[-107.418195446625,38.4796828573323],[-107.418201015173,38.479849433495],[-107.418142529043,38.479985796573],[-107.418126376336,38.4801348007239],[-107.418171926905,38.48023297353],[-107.418177495508,38.48039954968],[-107.418140222367,38.4805489900806],[-107.418015967355,38.4806146288887],[-107.417893067644,38.4807207860767],[-107.417791229398,38.4808355185022],[-107.417713277597,38.481021840213],[-107.417560624466,38.4815025403527],[-107.417587312709,38.4816686803808],[-107.41765693644,38.4818654698871],[-107.417663557545,38.4820635604632],[-107.41758169073,38.4821328286068],[-107.417499223021,38.4821840884382],[-107.417372049385,38.4821731990316],[-107.417203802341,38.482176673063],[-107.416974544044,38.482262499487],[-107.416894331103,38.482381289844],[-107.416814211794,38.4825135937137],[-107.416617204015,38.4829321359721],[-107.416475282967,38.4831017566886],[-107.416415831044,38.4832201181817],[-107.41642124579,38.483382192401],[-107.416511294139,38.4835470248078],[-107.416457408421,38.4838319625611],[-107.416421183197,38.4840129169359],[-107.416448470587,38.4841970654814],[-107.416581457724,38.4843925476284],[-107.416879745934,38.4844855034034],[-107.417008821846,38.4845639314944],[-107.417119392977,38.4847103189879],[-107.417126163746,38.4849129116044],[-107.417067162952,38.485044779583],[-107.417028832407,38.4851627052681],[-107.417011379191,38.4852621792391],[-107.417016344291,38.4854107471565],[-107.417062592895,38.4855404420386],[-107.41702522138,38.4856763685737],[-107.416944045793,38.4857771581709],[-107.41679881046,38.485847734082],[-107.416716338068,38.4858989934888],[-107.416442925611,38.4859181530223],[-107.416299945732,38.4860562592344],[-107.41622147614,38.4862380854509],[-107.416164034566,38.4864059621159],[-107.416148478675,38.4865729742652],[-107.416300334576,38.4867004897193],[-107.416475117372,38.4868815936755],[-107.416604800195,38.486978030267],[-107.416296360303,38.4872141604523],[-107.416067686812,38.487317993828],[-107.415817797536,38.4874087490957],[-107.41561165534,38.4875436527677],[-107.415407410496,38.487746094398],[-107.415135193399,38.487801267607],[-107.414882444776,38.4878064817676],[-107.414755261447,38.4877955898372],[-107.41450461718,38.4878638320807],[-107.414360427366,38.4879659196103],[-107.414215786248,38.488054500778],[-107.414112637642,38.4881197002848],[-107.413946273164,38.4881907084463],[-107.413842673287,38.4882424015293],[-107.413737662794,38.4882625874514],[-107.413635114502,38.4883457948264],[-107.413595725001,38.4884322050974],[-107.413600082601,38.4885627650409],[-107.413648938891,38.4887599849746],[-107.41367456987,38.4888946114483],[-107.413677274717,38.4889756486438],[-107.413618865681,38.4891255233799],[-107.413580285161,38.4892254324558],[-107.413627130403,38.4893731370294],[-107.413675536613,38.4895568507088],[-107.413785149629,38.4896852403413],[-107.413792964239,38.4899193477409],[-107.413797923558,38.4900679158928],[-107.413698228156,38.490236662621],[-107.413531708209,38.4903031682767],[-107.413426452193,38.4903053383563],[-107.413257827163,38.4903088147272],[-107.412964025657,38.4903509124691],[-107.412795401609,38.4903543881542],[-107.412608357915,38.4904393361848],[-107.412526477007,38.4905086011693],[-107.412468065629,38.4906584753899],[-107.412367765528,38.4908092128202],[-107.412375575866,38.4910433204195],[-107.412383236094,38.4912729259392],[-107.412330738699,38.4915893692841],[-107.412276680737,38.4918698034441],[-107.412217216519,38.4919881630787],[-107.412055103602,38.4921762152921],[-107.411913004374,38.4923413291039],[-107.411790768931,38.4924790025099],[-107.411669941632,38.4926481829279],[-107.4115495654,38.492830869423],[-107.4114482095,38.4929500916809],[-107.411388141365,38.4930504426881],[-107.411347904297,38.4931008283563],[-107.411288886912,38.4932326938157],[-107.411315566573,38.4933988353],[-107.411426983551,38.4935812518571],[-107.411452461299,38.493711376749],[-107.411395697121,38.4939107732877],[-107.411317114543,38.4940790830998],[-107.411215156029,38.4941802969206],[-107.411112389355,38.4942680118107],[-107.41103035268,38.4943327738244],[-107.410947416231,38.4943705233334],[-107.410822323359,38.4944226564983],[-107.410760960534,38.4944734770541],[-107.410679166297,38.4945562544869],[-107.410455321939,38.4947951326062],[-107.410334939282,38.4949778180073],[-107.410234028762,38.495110545556],[-107.410154034225,38.4952473475347],[-107.410035299805,38.4954795554942],[-107.409954012318,38.4955668271616],[-107.409871615681,38.4956315957911],[-107.409745826879,38.4956522060133],[-107.409620639356,38.4956908243776],[-107.409579440832,38.4957232085883],[-107.409496951006,38.495774463386],[-107.409351688336,38.4958450308363],[-107.409207475578,38.4959471126457],[-107.409145752865,38.4959979397789],[-107.409107854464,38.4961293695071],[-107.4090282142,38.4962661634436],[-107.408949474882,38.4964299697672],[-107.40882767715,38.4965811466289],[-107.40874578583,38.4966504092465],[-107.408685262209,38.4967372527766],[-107.408669895493,38.4968997548663],[-107.408758986303,38.4970465919924],[-107.408873703399,38.4973280565778],[-107.408987129801,38.4975599908004],[-107.408996431341,38.4978391194633],[-107.408876881781,38.4980578275451],[-107.408672946769,38.4982602513159],[-107.40852812837,38.4983443241337],[-107.408343908896,38.4985148055332],[-107.408285390664,38.4986511643871],[-107.408146120216,38.4989018136151],[-107.408067617578,38.4990836351232],[-107.40801284772,38.49933254579],[-107.407917717214,38.4996498641316],[-107.407857547741,38.4997366999533],[-107.407839122021,38.499818171901],[-107.407757468561,38.499905449606],[-107.407780693146,38.4999680441497],[-107.407844670729,38.4999847487619],[-107.407866395745,38.5000023225129],[-107.407891271264,38.5001144398535],[-107.407852918893,38.5002323630047],[-107.407792240291,38.5003147041035],[-107.407816815897,38.5004178173007],[-107.407923736766,38.5004651746283],[-107.408029815424,38.5004765078889],[-107.408180188173,38.5005590123612],[-107.408267634104,38.5006563268097],[-107.40835648778,38.5007851483529],[-107.408363687908,38.5010012479453],[-107.408226063596,38.5013014201383],[-107.408125382208,38.5014521618305],[-107.408085738392,38.5015205548384],[-107.408047385716,38.5016384780414],[-107.408030608547,38.5017694728553],[-107.407969480149,38.5018383078123],[-107.407907059358,38.5018576125547],[-107.407782758858,38.501923241776],[-107.407785008445,38.5019907729149],[-107.407808834864,38.5020713756897],[-107.407813334119,38.5022064379608],[-107.40779550662,38.5023059182184],[-107.407651879014,38.5024260068026],[-107.407590599759,38.5024903395083],[-107.407488174732,38.5025780442766],[-107.40738679912,38.5026972634988],[-107.407371070264,38.5028597727797],[-107.407289862819,38.5029605564775],[-107.407207964205,38.5030298182098],[-107.406959658707,38.5031700793221],[-107.40687949981,38.5033023773048],[-107.406864369443,38.5034828948548],[-107.406891044012,38.5036490372906],[-107.406833568814,38.503816910077],[-107.406733480901,38.5039856590319],[-107.406612025163,38.5041368266002],[-107.406468392033,38.5042569138798],[-107.406346934154,38.5044080812229],[-107.406330154657,38.5045390758342],[-107.406335700826,38.5047056527455],[-107.406279272873,38.5049050398513],[-107.406220837164,38.5050549114414],[-107.406141183527,38.505191703697],[-107.405895057809,38.505408505532],[-107.405752020485,38.5055466003482],[-107.405693342434,38.5056784560208],[-107.40567716102,38.5058274588803],[-107.405726159887,38.5060291839952],[-107.405711026419,38.5062097014317],[-107.405803422164,38.5064555861354],[-107.405787239743,38.5066045890139],[-107.405705935159,38.5066918581529],[-107.405518241818,38.5067587879635],[-107.405412961232,38.506760951617],[-107.40526497563,38.5067504772749],[-107.405117439557,38.5067535089874],[-107.404929296002,38.5068069316311],[-107.40474220082,38.5068918685564],[-107.404619087265,38.5069935113994],[-107.404515454025,38.507045197167],[-107.404306181944,38.5070990528662],[-107.404160292576,38.5071516063172],[-107.404076737692,38.5071713431633],[-107.403994921939,38.5072541164762],[-107.40399776748,38.5073396560789],[-107.404042719171,38.5074198256994],[-107.404128878491,38.5074676127823],[-107.404256487,38.5075010329159],[-107.404384543846,38.5075479591785],[-107.4044294961,38.5076281286295],[-107.404265773586,38.5077801620752],[-107.404143256996,38.5078998128073],[-107.40399961245,38.5080198973623],[-107.403726952135,38.5080750539678],[-107.40364384645,38.5081082967713],[-107.403413200445,38.5081445691989],[-107.403332580696,38.5082633587822],[-107.403335425556,38.5083488984118],[-107.403295864182,38.5084308036158],[-107.403213356774,38.5084820544751],[-107.403173346031,38.5085504533846],[-107.403113613029,38.508650793331],[-107.40313683685,38.5087133887505],[-107.403246612247,38.5088462896223],[-107.403356238322,38.5089746882899],[-107.403444645228,38.5090900070937],[-107.403446891341,38.5091575383652],[-107.40345078462,38.5092745925671],[-107.403325660672,38.5093267186109],[-107.403220376178,38.5093288804142],[-107.40305005978,38.5092828205573],[-107.402900272686,38.5092183183494],[-107.402792742808,38.5091529484621],[-107.402728758016,38.5091362413372],[-107.402521033464,38.509226103426],[-107.402524925254,38.509343157706],[-107.402597233509,38.5096209933639],[-107.402622254701,38.5097376139019],[-107.402542438588,38.5098699019331],[-107.402459121289,38.5099076534205],[-107.402353835882,38.5099098144721],[-107.402162389313,38.509864187034],[-107.401970703047,38.5098005435569],[-107.401819868247,38.5097045253481],[-107.401670081274,38.5096400215621],[-107.401606096272,38.50962331383],[-107.401524783277,38.5097105802967],[-107.401486416133,38.5098285016876],[-107.401594394818,38.5099073790454],[-107.401743583738,38.5099538745508],[-107.401830343317,38.510019671617],[-107.401833036933,38.5101007092259],[-107.401750766462,38.5101699748544],[-107.401604270454,38.5102045169954],[-107.401457325428,38.5102255526858],[-107.401289699752,38.5102605279632],[-107.401101902731,38.5103139374522],[-107.400998501862,38.5103836360395],[-107.400938764397,38.510483974994],[-107.400905930803,38.5107684736256],[-107.400964045922,38.5112448284862],[-107.400971825045,38.5114789372302],[-107.400893292092,38.5116607545985],[-107.400811377682,38.5117300122786],[-107.400645393578,38.5118145097574],[-107.400584607492,38.5118833339189],[-107.40052555778,38.5120151946762],[-107.400529446727,38.5121322490718],[-107.400531690361,38.5121997804527],[-107.400384142655,38.5122028065612],[-107.400256676853,38.5121738845327],[-107.40015243484,38.5122075583638],[-107.400134596131,38.5123070376982],[-107.400137288066,38.5123880753761],[-107.40018801209,38.5126528396184],[-107.400392178553,38.5130811478864],[-107.400398161454,38.5132612315555],[-107.400404742707,38.5134593235843],[-107.400345600368,38.5135776706631],[-107.400415213015,38.513774469978],[-107.400526038814,38.5139388878464],[-107.400828322247,38.5141489351602],[-107.400918826542,38.5143272849545],[-107.400926007923,38.5145433852272],[-107.400930945168,38.5146919541594],[-107.40083058974,38.5148426830013],[-107.400708895151,38.5149983546267],[-107.400671930219,38.5151477830544],[-107.40065453937,38.515260768714],[-107.400660074587,38.515427346014],[-107.40072804446,38.5155746220228],[-107.400795924506,38.5157083843561],[-107.400862606742,38.5158061299575],[-107.400866496762,38.5159231842482],[-107.400871076557,38.5160717604868],[-107.400895589426,38.5161838865654],[-107.401006328972,38.516334790164],[-107.401202372833,38.5165289951067],[-107.401269056423,38.5166267404213],[-107.401189231978,38.5167590276912],[-107.401064692121,38.5168291600763],[-107.40089800828,38.5168821362489],[-107.400625910539,38.5169552950647],[-107.400313313997,38.5170608199441],[-107.400147317347,38.5171453170625],[-107.400002601326,38.5172338827211],[-107.399837203288,38.5173363877589],[-107.399735197044,38.517437592797],[-107.399633878631,38.5175703197449],[-107.39959691042,38.5177197478878],[-107.399585200269,38.5180038128656],[-107.399572893036,38.5182698694471],[-107.399431314439,38.5184529783841],[-107.39930937053,38.518590633066],[-107.39920535945,38.5186423220302],[-107.399079975827,38.5186764283858],[-107.398998052006,38.5187456850349],[-107.398916815872,38.5188464636297],[-107.39885811563,38.518978316356],[-107.398779121605,38.5191466262521],[-107.398721018896,38.5192964872893],[-107.398640828262,38.5194287803647],[-107.398536724614,38.5194669551749],[-107.398393048383,38.5195870336777],[-107.398269904834,38.5196886706295],[-107.398168939456,38.5198213891005],[-107.398048038282,38.5199905572262],[-107.39792782401,38.5201912472523],[-107.397813496359,38.5205585073453],[-107.397657950892,38.5209581478454],[-107.397577665865,38.5210769266701],[-107.397456163594,38.5212280858837],[-107.3972098692,38.5214313578861],[-107.397064543431,38.5215019118614],[-107.396920263179,38.5216039803416],[-107.39681788825,38.5217051904436],[-107.396736407064,38.5217879519488],[-107.396589436901,38.5218089822966],[-107.396504310301,38.5217927048463],[-107.396334922918,38.521764637187],[-107.3962509913,38.5217843763381],[-107.396126646206,38.5218499944263],[-107.396044954648,38.5219372649232],[-107.396004094179,38.521969637559],[-107.395879300521,38.522021749101],[-107.395753103759,38.5220423531342],[-107.395628310929,38.5220944643943],[-107.395567511783,38.5221632862737],[-107.395528979939,38.5222767039103],[-107.395491194565,38.5224126320401],[-107.395432037479,38.5225309769677],[-107.395349597784,38.5225957365168],[-107.395246532881,38.5226654232932],[-107.395121140277,38.5226995256708],[-107.394828837067,38.5227911053997],[-107.394683953954,38.5228751628752],[-107.394562442637,38.5230263193347],[-107.3944617042,38.5231770506626],[-107.394361473361,38.5233322766779],[-107.394237124998,38.52339789286],[-107.394091195333,38.5234504349242],[-107.393944220866,38.5234714620774],[-107.393777754294,38.5235424444748],[-107.393652957391,38.5235945537453],[-107.393549292587,38.5236462306901],[-107.393405450593,38.5237618014197],[-107.393409926419,38.5238968646164],[-107.393455712668,38.5240130623323],[-107.393502305437,38.5241427590042],[-107.393506184695,38.524259813759],[-107.393424696861,38.5243425731406],[-107.393342402501,38.5244118334881],[-107.393137307701,38.5245827184203],[-107.393099964342,38.524732152234],[-107.393084797756,38.5249126686592],[-107.393088676445,38.5250297234343],[-107.393031154393,38.5251975904697],[-107.392950947139,38.525329880072],[-107.392764983306,38.5254508164638],[-107.392618451785,38.5254853484119],[-107.392474157293,38.5255874118054],[-107.392413352287,38.5256562322002],[-107.392375559558,38.5257921594987],[-107.392338661532,38.5259550994374],[-107.392320719798,38.5260410641891],[-107.392368594991,38.526220291796],[-107.392436469701,38.5263540589585],[-107.392460288619,38.5264346648473],[-107.392485747111,38.5265647939346],[-107.392493503028,38.5267989035186],[-107.392435024153,38.5269487691868],[-107.392185415406,38.5270529851464],[-107.39206508403,38.5272401561987],[-107.392026544331,38.5273535728571],[-107.391988750146,38.5274895000468],[-107.391952447069,38.5276704483102],[-107.39193718878,38.5278374509585],[-107.391941513389,38.5279680120978],[-107.391945390649,38.5280850669096],[-107.391886462351,38.5282214260196],[-107.391740521253,38.5282739654821],[-107.391635208262,38.5282761177573],[-107.391444165518,38.5282439805933],[-107.39135953894,38.5282321944248],[-107.391193507286,38.5283166798357],[-107.391029710149,38.5284686967085],[-107.390927229046,38.5285563884647],[-107.390656567083,38.5286745468223],[-107.390284972855,38.5289164053831],[-107.389953051272,38.5290898752323],[-107.389892092014,38.5291541923377],[-107.389813662871,38.5293405054035],[-107.389754938233,38.5294723541584],[-107.389739315893,38.5296393639761],[-107.389768646072,38.5298865486508],[-107.389773116081,38.530021612065],[-107.389778480131,38.5301836881573],[-107.389760175749,38.5302696599186],[-107.389656945626,38.5303348401009],[-107.389596968384,38.530439683411],[-107.389580153651,38.5305706762893],[-107.389563340015,38.5307016691412],[-107.389524258488,38.530788065114],[-107.38944240017,38.5308708293484],[-107.389150503363,38.5309759024161],[-107.389048463374,38.5310770990261],[-107.388968838535,38.5312273946843],[-107.388973903096,38.5313804666078],[-107.388935268543,38.5314803687319],[-107.388832868768,38.531581572503],[-107.388542010704,38.5317181589749],[-107.388482835211,38.53183650083],[-107.388530616404,38.5320022163801],[-107.388556755245,38.5321638684875],[-107.38853985037,38.5322813475834],[-107.388414675811,38.5323334591272],[-107.388267681363,38.5323544797559],[-107.388162362157,38.5323566290984],[-107.387973096578,38.5323785119958],[-107.387848726897,38.5324441219843],[-107.387686551286,38.5326456579092],[-107.387613980467,38.5329985407688],[-107.387601032702,38.5332465885248],[-107.387673224909,38.5335109197779],[-107.387597465742,38.5337782696911],[-107.387474729864,38.5338934026797],[-107.38716391542,38.5340664342086],[-107.386999055131,38.5341869311589],[-107.386834195436,38.534307427869],[-107.38675536687,38.5344712212734],[-107.386696424044,38.534607578117],[-107.386573238858,38.5347092038751],[-107.386323594737,38.5348134083378],[-107.385987768093,38.5348698127848],[-107.385715945379,38.534942932072],[-107.385528159735,38.5350098324831],[-107.385342516421,38.5351307508052],[-107.385197746367,38.5352192996482],[-107.385074559136,38.5353209238965],[-107.38490954372,38.5354369159575],[-107.384700768825,38.5355087479763],[-107.384536942002,38.5356607565526],[-107.384414347872,38.5357803886598],[-107.384213066047,38.5360683146686],[-107.384055778775,38.5364184162403],[-107.383976732746,38.5365867174099],[-107.383877948461,38.5367869567213],[-107.383819890458,38.5369503250692],[-107.383741795683,38.5371366273281],[-107.383662512403,38.5372869124934],[-107.383581829398,38.5374056900224],[-107.383502544367,38.5375559751166],[-107.383463540455,38.5376558829961],[-107.383403994455,38.5377742298821],[-107.38336802357,38.537955168765],[-107.383356697421,38.5382527397473],[-107.383362791882,38.5384373270112],[-107.38336769722,38.5385858972432],[-107.383370967465,38.5386849440622],[-107.383417107217,38.538801138349],[-107.383461699052,38.5388813228986],[-107.383506798484,38.5389660022454],[-107.383615844305,38.539076409958],[-107.383618074287,38.5391439418623],[-107.383644713108,38.5393100899753],[-107.383627440294,38.5394275758509],[-107.383483551635,38.5395431356192],[-107.383402184254,38.539630390874],[-107.383320309189,38.5397131512585],[-107.383260524533,38.5398134823004],[-107.383179838243,38.5399322596174],[-107.383098320285,38.540015012577],[-107.38297408173,38.5400851199984],[-107.382828704505,38.5401556577398],[-107.382681097795,38.540158663371],[-107.382512798438,38.5401756055935],[-107.382368014929,38.5402641513016],[-107.382204173893,38.5404161569795],[-107.382144981448,38.5405344960312],[-107.381941536404,38.5407684003692],[-107.381762645634,38.5411054231566],[-107.381705531755,38.5412867918557],[-107.381590054182,38.5416225236727],[-107.381576045802,38.5418390562225],[-107.381605800932,38.5420997496068],[-107.381652175733,38.5422339603769],[-107.381700395205,38.5424131851234],[-107.381747129266,38.5425473885331],[-107.381710349038,38.542714827871],[-107.381608728212,38.5428295250663],[-107.381529670143,38.5429978248227],[-107.381456912686,38.5433462024638],[-107.381422953962,38.5435991822081],[-107.381385578363,38.5437486129351],[-107.381304054197,38.5438313647996],[-107.381200945821,38.5439010403815],[-107.38107610469,38.543953137493],[-107.380929529697,38.5439876560868],[-107.380761963478,38.5440271067417],[-107.380679040999,38.5440783505496],[-107.380472673604,38.544213198449],[-107.38045316855,38.5442631519465],[-107.380246441337,38.5443980067738],[-107.380184570061,38.5444353065561],[-107.379932298392,38.5444719738552],[-107.379828148538,38.5445101333464],[-107.379510589393,38.5444805502225],[-107.379404212812,38.5444511772965],[-107.379234270997,38.5444185916062],[-107.378879034462,38.5445294326596],[-107.378647665617,38.5445476516186],[-107.37847727759,38.5445015584302],[-107.378245463612,38.5445062701738],[-107.37807893298,38.544577232052],[-107.378040511564,38.54469514694],[-107.378022043119,38.5447766150728],[-107.377962247124,38.5448769436983],[-107.377795715355,38.5449479052056],[-107.377732742918,38.5449627003044],[-107.377522066104,38.5449669811163],[-107.377438101977,38.5449867077296],[-107.377356126894,38.545055950588],[-107.377275870163,38.5451882306637],[-107.37714189569,38.5456054268096],[-107.377042636213,38.5457921546413],[-107.37698446923,38.5459420063986],[-107.376925351153,38.5460738568239],[-107.376802132929,38.5461754731792],[-107.376698423676,38.5462271364372],[-107.376615495713,38.5462783775201],[-107.376470099692,38.5463489078895],[-107.376389161087,38.5464496651257],[-107.376393608717,38.5465847294729],[-107.376469123766,38.5469616288798],[-107.376518520368,38.5471768730944],[-107.376461178541,38.5473627490704],[-107.376403009238,38.547512600581],[-107.376281419831,38.5476637400306],[-107.376200120694,38.5477645044593],[-107.376140912839,38.5478828408458],[-107.376145211986,38.5480134030397],[-107.376215390519,38.5482282253291],[-107.376218059069,38.5483092639234],[-107.376225768271,38.5485433754108],[-107.376165966879,38.5486437032391],[-107.376084073556,38.5487264590358],[-107.376003723725,38.548845224671],[-107.375966334656,38.5489946539909],[-107.375938284597,38.5494277183892],[-107.375991980839,38.5497735249106],[-107.375891527228,38.5499242347727],[-107.375768302341,38.5500258502118],[-107.375668081951,38.5501945757666],[-107.375545893847,38.5503277060042],[-107.375423852366,38.5504653382941],[-107.375343500783,38.550584103517],[-107.37526264184,38.5506983738312],[-107.375160110679,38.5507860530966],[-107.375037326745,38.5509011742927],[-107.374977164133,38.5510015088534],[-107.374940277974,38.5511554327833],[-107.374945612779,38.5513175100394],[-107.374971286012,38.5514656590097],[-107.374892562705,38.5516339475675],[-107.374832398182,38.5517342820914],[-107.374606783552,38.5519280775172],[-107.374461818825,38.5520121121958],[-107.374340217002,38.5521632499175],[-107.374301193394,38.5522631551733],[-107.374244201338,38.552449022944],[-107.374250720052,38.5526471174236],[-107.374191592046,38.5527789666649],[-107.374152123496,38.5528653654367],[-107.374112864471,38.5529472547906],[-107.374096167677,38.5530827481763],[-107.374078284524,38.5531822244036],[-107.374040297076,38.5533136446169],[-107.373916619526,38.5534017518775],[-107.373793384914,38.5535033654832],[-107.373670595469,38.5536184853902],[-107.373651082294,38.5536684379355],[-107.373491636642,38.5539554971089],[-107.373413350594,38.5541372912722],[-107.37337432476,38.5542371962632],[-107.373356589654,38.5543411745286],[-107.373338112829,38.5544226420707],[-107.373404798349,38.554520402757],[-107.3734717176,38.5546361792715],[-107.37351563137,38.5546848451381],[-107.373579501909,38.5546970649197],[-107.373688261794,38.5547984770466],[-107.373777361609,38.5549453394554],[-107.373846121058,38.5551061299248],[-107.373935369749,38.55525749433],[-107.373984173207,38.555454730812],[-107.373947814255,38.5556356745965],[-107.373933189747,38.5558341979958],[-107.373896745,38.5560016280445],[-107.373817063241,38.5561519146967],[-107.373594986602,38.5564537600972],[-107.373533780808,38.5565225790156],[-107.373389398284,38.5566246212272],[-107.373307998981,38.5567118702583],[-107.373247237037,38.5567941954813],[-107.373229352051,38.5568936715879],[-107.373192312808,38.5570430928699],[-107.373218342891,38.5571912348854],[-107.373222786296,38.557326299295],[-107.37324845879,38.557474448549],[-107.373233154357,38.5576414495703],[-107.373152284661,38.5577557186596],[-107.372986756581,38.5578581892865],[-107.372860847614,38.5578787634694],[-107.372695318824,38.5579812337042],[-107.372634468713,38.5580500449487],[-107.372550488019,38.558069768543],[-107.372423393991,38.5580543250797],[-107.372337995408,38.5580200154555],[-107.372229021385,38.5579231116458],[-107.372122035118,38.557875724098],[-107.371973354756,38.5578472023297],[-107.371847890702,38.5578812818599],[-107.371744753373,38.5579509498875],[-107.371642293043,38.5580521401662],[-107.371666249278,38.5581372524512],[-107.371754523102,38.5582480918628],[-107.371820851394,38.5583458606253],[-107.371994524646,38.5584910098258],[-107.372021738474,38.5586751693116],[-107.371982116381,38.558757065308],[-107.371923929692,38.5589069149156],[-107.371909447443,38.5591099403094],[-107.37199854949,38.5592568039198],[-107.372027243079,38.5594859848881],[-107.37205327307,38.5596341271313],[-107.37197231304,38.5597348817992],[-107.371867187015,38.5597550336066],[-107.371719539054,38.5597580266932],[-107.371383583661,38.5598143930722],[-107.371239191606,38.5599164328846],[-107.371159414109,38.5600532042436],[-107.371098647035,38.5601355284756],[-107.371017685109,38.5602362825353],[-107.37078966677,38.5603580370824],[-107.370726678259,38.5603728288729],[-107.370537332838,38.5603946859831],[-107.370284321939,38.5603998119964],[-107.370092165513,38.5603361274558],[-107.369944516173,38.5603391183415],[-107.36984033809,38.5603772697456],[-107.369714868568,38.5604113471468],[-107.369675390872,38.5604977446096],[-107.369679680261,38.5606283071336],[-107.369745774298,38.5607080611867],[-107.369770764778,38.5608246889567],[-107.369753465923,38.560942173276],[-107.369650408178,38.5610253533416],[-107.369567372558,38.561063076298],[-107.369296912755,38.5611811823823],[-107.369278577846,38.5612671515551],[-107.369345264793,38.5613649144251],[-107.369496170163,38.5614609716593],[-107.369540318397,38.5615276548123],[-107.369608041331,38.5616569325978],[-107.369633474592,38.5617870668654],[-107.369597250194,38.5619725117241],[-107.369438215177,38.5622730725663],[-107.36925478002,38.562475013995],[-107.36917440455,38.5625937755319],[-107.369051740631,38.562713393312],[-107.368822760722,38.5628171429745],[-107.368719022067,38.5628687999698],[-107.36859354653,38.5629028763333],[-107.368510952903,38.5629541050656],[-107.368472507443,38.5630720172841],[-107.368455649656,38.5632030079286],[-107.368480639137,38.5633196359678],[-107.368483891843,38.5634186834379],[-107.368380152086,38.5634703401631],[-107.368273983485,38.5634589738504],[-107.368209724501,38.5634242333716],[-107.368040480852,38.5634141435744],[-107.36795856201,38.5634968943238],[-107.36796344003,38.5636454655799],[-107.367925942442,38.563781379041],[-107.367823913299,38.5638960727724],[-107.367679064692,38.5639846020666],[-107.367555212446,38.5640682011486],[-107.367499820805,38.5643035899042],[-107.367462850992,38.5644665234434],[-107.367390599995,38.5648329026683],[-107.367310895637,38.5649831854244],[-107.367125378992,38.5651220935898],[-107.366980970395,38.5652241285913],[-107.366876635921,38.5652577754399],[-107.366689935732,38.5653606656635],[-107.366544491848,38.5654311850213],[-107.366504774731,38.5654995656669],[-107.366423442758,38.5656003240963],[-107.36638579483,38.5657317349611],[-107.366431568155,38.5658479430398],[-107.366477109655,38.5659461351836],[-107.366564584826,38.5660434790786],[-107.366611308628,38.5661776884514],[-107.36667903005,38.5663069678904],[-107.36670283597,38.5663875790204],[-107.366644864865,38.5665554422757],[-107.366542744519,38.566656621307],[-107.366459342993,38.5666943495202],[-107.366313748512,38.5667603665073],[-107.366190482055,38.5668619729363],[-107.366151440111,38.5669618758572],[-107.36617760817,38.5671145217196],[-107.366266476407,38.5672433736849],[-107.366312251775,38.5673595817351],[-107.366338863576,38.5675257340211],[-107.366408444227,38.5677225532211],[-107.366517510473,38.5678329758266],[-107.366687947673,38.5678790847546],[-107.366816239242,38.5679305512145],[-107.367114229839,38.5680056150188],[-107.367285258992,38.5680697316826],[-107.367501683958,38.568227537571],[-107.367675607151,38.5683907083469],[-107.367724995694,38.5686059559234],[-107.367750429825,38.5687360904659],[-107.367774975903,38.5688392120857],[-107.367841752924,38.568950489271],[-107.367910071905,38.5690977763852],[-107.367897204061,38.5693503250898],[-107.367885224396,38.5696298866919],[-107.367785910685,38.5698166077875],[-107.367642528831,38.5699501588878],[-107.367561551636,38.5700509109059],[-107.367458035316,38.5701205829499],[-107.367417725449,38.5701709552865],[-107.367336981113,38.5702897230291],[-107.367341859038,38.5704382941793],[-107.367345554459,38.570550848078],[-107.367307103665,38.5706687599632],[-107.367289566981,38.5707682280525],[-107.367272263662,38.5708857120037],[-107.36721207365,38.5709860431565],[-107.367151651244,38.5710683583936],[-107.366984458824,38.5711212978384],[-107.366898244443,38.5710734855163],[-107.366771276019,38.5710625387917],[-107.366707601868,38.5710458063521],[-107.366560964647,38.5710803087701],[-107.366543660086,38.571197792648],[-107.366546467735,38.5712833336495],[-107.3665718998,38.5714134684548],[-107.366575741923,38.5715305245551],[-107.366494994762,38.5716492917838],[-107.366413424221,38.5717320344372],[-107.366311971894,38.5718647357979],[-107.366043239673,38.5720368615243],[-107.365797278111,38.572258082785],[-107.365675034806,38.5723912040477],[-107.365594876111,38.5725279793568],[-107.365537257206,38.5726958348818],[-107.365521427871,38.5728583402449],[-107.365464040411,38.5730442116383],[-107.365448716451,38.5732112119145],[-107.365331578239,38.5735109200297],[-107.365231071355,38.5736616219413],[-107.365128939407,38.5737628000095],[-107.364982886614,38.5738153092777],[-107.364815095464,38.5738502372062],[-107.364668599245,38.5738892396085],[-107.364587022992,38.5739719811296],[-107.36450464571,38.5740412233443],[-107.364488370926,38.5741902221298],[-107.364450271643,38.5743081259861],[-107.364499297722,38.5745233821362],[-107.364502989247,38.5746359361875],[-107.36446710469,38.5748213724772],[-107.364365645783,38.5749540723146],[-107.364242952498,38.5750736857668],[-107.36400125671,38.575425466371],[-107.364015429755,38.5758576740034],[-107.36410778667,38.5761035906648],[-107.364240373434,38.576285622169],[-107.364335747513,38.5766125702604],[-107.364453094349,38.5769751153044],[-107.36452082426,38.5771043955515],[-107.36458730931,38.5772066700477],[-107.364676188146,38.5773355227119],[-107.364703244134,38.5775151815908],[-107.364707674824,38.577650246363],[-107.364775046847,38.5777795336719],[-107.364906014962,38.577912040457],[-107.365016043941,38.5780404652651],[-107.365082973761,38.578156245887],[-107.365174661456,38.5783706390724],[-107.365246910085,38.5786484972158],[-107.365210668098,38.5788339408559],[-107.365150828132,38.5789342638665],[-107.365112813113,38.5790656816019],[-107.365120937923,38.5793133002093],[-107.365125812856,38.579461871368],[-107.365129653738,38.5795789274293],[-107.365054129704,38.5798462577707],[-107.365060629563,38.5800443526394],[-107.365065061322,38.5801794173183],[-107.364983120891,38.5802621664822],[-107.364881570567,38.5803813531637],[-107.364843111284,38.5804992643527],[-107.364826835287,38.5806482630818],[-107.364789177977,38.580779673466],[-107.364728386055,38.5808619949327],[-107.364645917316,38.580917723691],[-107.36454223413,38.5809828914886],[-107.364460208185,38.5810521265951],[-107.364359689736,38.5812028279726],[-107.364322853762,38.5813702627475],[-107.364334225663,38.5817169288555],[-107.364238136587,38.5820026948644],[-107.364137257384,38.582153403342],[-107.364014996226,38.5822865232719],[-107.363891699824,38.5823881280028],[-107.363579588918,38.5825295889118],[-107.363412809207,38.5825960305857],[-107.363267918492,38.5826845555261],[-107.363142407199,38.5827186270923],[-107.362994711301,38.5827216106622],[-107.36284701538,38.5827245940459],[-107.36261507481,38.5827292787528],[-107.362468411874,38.5827637767946],[-107.362321896357,38.5828027768195],[-107.362092253511,38.5828885066641],[-107.362011255896,38.5829892553208],[-107.361868428187,38.5831408088955],[-107.361809401459,38.5832771549521],[-107.361794152753,38.5834576685386],[-107.361757077659,38.5836070867902],[-107.361804037933,38.5837593135184],[-107.361901625939,38.5841537956985],[-107.361905904882,38.5842843584274],[-107.361850123449,38.5845197520933],[-107.361873931088,38.5846003639568],[-107.361940187629,38.58468462386],[-107.36198537841,38.5847828245063],[-107.362094380495,38.5848797366229],[-107.362160132069,38.5849595014472],[-107.362248574213,38.5850748491498],[-107.36227297282,38.5851734695497],[-107.362256100621,38.5853044593703],[-107.362195893628,38.5854047882968],[-107.362157427646,38.5855226987347],[-107.362205190871,38.5856884244448],[-107.362272481924,38.5858041992265],[-107.36229850428,38.5859523433664],[-107.362281632018,38.586083333179],[-107.362243165873,38.5862012436396],[-107.362140422422,38.5862844109555],[-107.362058619514,38.5863716604793],[-107.362061275793,38.5864526993749],[-107.362066735956,38.5866192793231],[-107.362199191974,38.5867968102069],[-107.362395251335,38.5869775615735],[-107.36244183545,38.587107269828],[-107.36244788702,38.5872918583474],[-107.362431605242,38.5874408567909],[-107.362499932814,38.5875881464335],[-107.362545125226,38.5876863467597],[-107.36270154082,38.587948990741],[-107.36277415059,38.5882268427402],[-107.362783451046,38.5885104786327],[-107.362769384228,38.5887270094333],[-107.362733574971,38.588925958847],[-107.36269591026,38.5890573686457],[-107.362700339017,38.5891924333469],[-107.362748190146,38.5893716723452],[-107.362817701471,38.5895549789273],[-107.362864878799,38.5897026955068],[-107.362910663745,38.5898189042233],[-107.362871965494,38.5899187989766],[-107.362686821085,38.5900712083411],[-107.362647763306,38.5901711102837],[-107.362693907339,38.5902873118251],[-107.36269981261,38.5904673980548],[-107.362682940447,38.590598387843],[-107.362603116588,38.590735154283],[-107.362520128495,38.5907863869647],[-107.36245806135,38.5908191765032],[-107.36244074584,38.5909366597975],[-107.362529281178,38.5910655206292],[-107.362614484026,38.5910818202657],[-107.362763821128,38.5911283603389],[-107.362892004732,38.5911753275337],[-107.36287572456,38.5913243259239],[-107.36279391716,38.591411576047],[-107.3627328831,38.5914758808244],[-107.362779028213,38.5915920822774],[-107.362782276374,38.5916911296763],[-107.362789953908,38.5919252417025],[-107.362729741467,38.5920255709753],[-107.362695554986,38.592274044027],[-107.362726010569,38.5925572524414],[-107.362817564239,38.5927671444777],[-107.362842198276,38.5928837803998],[-107.362867190364,38.593000409081],[-107.362829081188,38.5931183124393],[-107.362767686682,38.5931826245168],[-107.362684612155,38.5932203436671],[-107.362621593368,38.5932351319832],[-107.362539552161,38.5933043661118],[-107.362542209639,38.5933854048831],[-107.362609151089,38.5935011863156],[-107.362698638674,38.5936480482404],[-107.362704101714,38.5938146279067],[-107.362580426527,38.5939162389883],[-107.362337630554,38.5942365023089],[-107.362201277847,38.5945861514869],[-107.362066695294,38.59498982638],[-107.362013333632,38.5952882428813],[-107.361998673761,38.5954867648586],[-107.361981800761,38.5956177544973],[-107.361901611348,38.5957545278218],[-107.361906482512,38.5959030989077],[-107.361995381457,38.5960319526511],[-107.362021997361,38.5961981051528],[-107.362111719934,38.5963629832379],[-107.362159491532,38.5965287084599],[-107.362186550956,38.5967083673511],[-107.362125892259,38.5967951899106],[-107.361903648991,38.5970970167345],[-107.36182714827,38.5973463438619],[-107.361691968805,38.5977320097668],[-107.361553393167,38.598014126007],[-107.361393219067,38.5982831627341],[-107.361188877492,38.5984855138662],[-107.360959774398,38.5985892515268],[-107.360733241916,38.5987605138676],[-107.360506709502,38.598931775776],[-107.360320947584,38.5990661734475],[-107.359951781783,38.5994070024861],[-107.359707776624,38.5996912437649],[-107.359464359491,38.5999934932182],[-107.359160505909,38.6004005792787],[-107.358938829374,38.6007204096824],[-107.358590657945,38.601056305955],[-107.358488037223,38.6011439728352],[-107.358386531298,38.6012766684873],[-107.358306688333,38.6014134323995],[-107.358268061301,38.6015268395739],[-107.358232150761,38.6017122741037],[-107.358215270004,38.6018432633347],[-107.358283245109,38.6019905621905],[-107.358331012377,38.6021562889918],[-107.358314720274,38.6023052868918],[-107.358298429266,38.6024542847651],[-107.358303883855,38.6026208647089],[-107.358306095187,38.602688397117],[-107.358554087215,38.6031609406164],[-107.358945775986,38.6035179571207],[-107.359122341158,38.6037486627409],[-107.359278192459,38.6039933013033],[-107.359666644086,38.6042512676707],[-107.360101607932,38.6046254275455],[-107.360600807085,38.6050433405727],[-107.360840262313,38.6052547535831],[-107.36099346597,38.605418350815],[-107.361108045924,38.6056953557875],[-107.361140126323,38.6060280876971],[-107.361145588178,38.6061946671976],[-107.361108144423,38.6063440923534],[-107.361028744437,38.6064943644762],[-107.360948984955,38.6066446438026],[-107.36095385605,38.6067932147136],[-107.36095828435,38.6069282791743],[-107.360839813988,38.6071784526801],[-107.360805026043,38.6074089164296],[-107.360811077812,38.6075935045254],[-107.360884294514,38.6078893650381],[-107.360995188,38.6080538162089],[-107.361043409065,38.6082330478608],[-107.3610922209,38.6084302880683],[-107.361097092602,38.6085788589184],[-107.361018512169,38.6087651554874],[-107.360939698914,38.6089334361949],[-107.360945603737,38.6091135220776],[-107.361082530233,38.6094261167698],[-107.361174334529,38.609654024844],[-107.36114226827,38.6099565156876],[-107.361031913918,38.610454307417],[-107.360965142003,38.611000775608],[-107.360929467456,38.6112042264301],[-107.360830526499,38.6114044492337],[-107.360688676262,38.6115875175815],[-107.360524190612,38.6117259913703],[-107.360423033817,38.6118586816749],[-107.360344806531,38.6120449706377],[-107.360245504827,38.6122452002344],[-107.360164472501,38.612345948302],[-107.359979857213,38.6125163634459],[-107.359857539469,38.6126494802761],[-107.359424004603,38.6129555656373],[-107.359344593311,38.6131058368265],[-107.35926703671,38.6133236474303],[-107.359148552145,38.6135738194684],[-107.35911110116,38.6137232440648],[-107.359033458762,38.613927540865],[-107.358871029939,38.6141290426428],[-107.358812417615,38.61427889396],[-107.358817285633,38.6144274649056],[-107.358843314301,38.6145756090471],[-107.35901975943,38.6148018114466],[-107.359130217596,38.6149527575602],[-107.359177849395,38.6151139811958],[-107.359139955212,38.6152498993447],[-107.359100649654,38.6153317844588],[-107.359040414072,38.6154321122477],[-107.35902205751,38.6155180798862],[-107.359025303283,38.6156171271477],[-107.359050741635,38.6157472626191],[-107.359138186485,38.6158310960413],[-107.359247318624,38.6159415226357],[-107.359377759702,38.6160560243523],[-107.359423917273,38.6161722263537],[-107.359448913892,38.6162888552591],[-107.359452160342,38.6163879024771],[-107.359457472748,38.6165499797388],[-107.359481521225,38.6166486072649],[-107.359591161985,38.6167635283661],[-107.359722637101,38.6169095446576],[-107.359832952577,38.6170559877632],[-107.359858541767,38.6171906250883],[-107.359925270777,38.6172883912579],[-107.360034996844,38.617416825558],[-107.360120905936,38.6174646482021],[-107.360206139891,38.6174809485518],[-107.360332745895,38.6174783933527],[-107.360438782123,38.6174942736811],[-107.36048154678,38.6175069258883],[-107.360609778042,38.6175538939241],[-107.360716995643,38.6176057911252],[-107.36082604807,38.6177027024017],[-107.360891830137,38.6177824666214],[-107.360937991373,38.6178986678809],[-107.360952019896,38.6183263711859],[-107.360979236141,38.6185105316945],[-107.361025481836,38.6186402465577],[-107.361113375648,38.6187375846972],[-107.361284522777,38.6188017059687],[-107.361433326741,38.6188302371881],[-107.361605064065,38.6189123665465],[-107.361734923498,38.6190088567417],[-107.361845246411,38.6191552976681],[-107.362005575111,38.6195349947235],[-107.362145186721,38.6199286253372],[-107.362298869512,38.620105725799],[-107.362389574522,38.6202886033878],[-107.362522688689,38.6204841395076],[-107.362611262104,38.6206129985443],[-107.362637301436,38.6207611413784],[-107.362642326261,38.6209142138815],[-107.362582091439,38.6210145433992],[-107.362500463245,38.6210972846037],[-107.362418833718,38.6211800257793],[-107.362342461272,38.6214338551916],[-107.36238966191,38.6215815705919],[-107.362459291771,38.621778389157],[-107.362528246779,38.621943685481],[-107.362597644352,38.622122488168],[-107.362647296071,38.6223557511478],[-107.362634262066,38.6226037959241],[-107.3626193703,38.6227843014692],[-107.362602051203,38.6229017844114],[-107.362521687467,38.6230340563732],[-107.362525530101,38.6231511117814],[-107.362577609764,38.6234473973334],[-107.362646122278,38.6235991871173],[-107.362692375837,38.6237289009951],[-107.362739810915,38.6238946319082],[-107.362830016368,38.6240730139656],[-107.36289897354,38.6242383099378],[-107.363010933476,38.6244342727291],[-107.363079892595,38.6245995685378],[-107.36310534225,38.6247297026101],[-107.363131975886,38.6248958536698],[-107.363100590011,38.625229866435],[-107.363106503678,38.6254099515342],[-107.363390665545,38.6257015464641],[-107.363647160321,38.6257954748612],[-107.363864498396,38.6259757913892],[-107.363974245356,38.6261042211726],[-107.364219256359,38.6264822025858],[-107.364593196964,38.6269386684818],[-107.364990292502,38.6274442210422],[-107.365282165767,38.6279699209612],[-107.365526684217,38.6283434042296],[-107.365576116791,38.6285586495869],[-107.36557996515,38.628675704626],[-107.365541485298,38.6287936159367],[-107.365480423781,38.6288579227016],[-107.365440315605,38.6289263106965],[-107.365378450589,38.6289771183296],[-107.365360099031,38.6290630866501],[-107.365322420785,38.6291944970068],[-107.365307177129,38.6293750097813],[-107.365227995819,38.6295433004791],[-107.365145916466,38.6296125373021],[-107.365021509332,38.629682630151],[-107.364875788992,38.6297486487915],[-107.364793350919,38.6298178926259],[-107.364691734572,38.6299370804502],[-107.364528251323,38.6301070754185],[-107.364493235426,38.6303195236725],[-107.364520699352,38.6305216983192],[-107.364658488774,38.6308477850989],[-107.364646645438,38.6311318465419],[-107.364591881542,38.6313987554585],[-107.36453407226,38.6315621083955],[-107.364495589375,38.6316800194119],[-107.36445592269,38.6317619134727],[-107.364459769668,38.6318789685424],[-107.364463024821,38.6319780151377],[-107.364551532254,38.6320933582939],[-107.36466025448,38.6321902721541],[-107.364747219345,38.6322696054709],[-107.364771788676,38.6323727261189],[-107.364733157838,38.6324861350833],[-107.364718862513,38.6326846489801],[-107.364744700491,38.6328373001704],[-107.364790286841,38.6329354906652],[-107.364836317294,38.6330471874844],[-107.364860737935,38.633145805996],[-107.364800646039,38.6332506387842],[-107.364741800058,38.6333824769978],[-107.364744463824,38.633463515084],[-107.364706572373,38.6335994346194],[-107.364753195133,38.6337291399132],[-107.364841346008,38.6338444900016],[-107.365226135974,38.6339853759379],[-107.365547195771,38.6341095294398],[-107.365698846096,38.6342235942366],[-107.365984006419,38.634533182195],[-107.366251939186,38.6349737661291],[-107.366343353297,38.6351881613229],[-107.366504337972,38.6355858577984],[-107.366550372962,38.6356975537578],[-107.366618314278,38.6358313318527],[-107.366705286987,38.6359106634356],[-107.366813573659,38.6359940686373],[-107.367006377387,38.6360712577904],[-107.367285116972,38.6361962630103],[-107.367482959626,38.6364265229106],[-107.367614489462,38.6365725282007],[-107.36766171236,38.6367202404616],[-107.367730928709,38.6369035481842],[-107.367799318033,38.6370508317711],[-107.367929219433,38.6371473135051],[-107.368057934316,38.6372077782881],[-107.368229724823,38.637289896018],[-107.368423719402,38.6374030994673],[-107.368555251835,38.637549103582],[-107.368794336311,38.6377560001924],[-107.369053018891,38.6379039328867],[-107.369182923502,38.638000413112],[-107.369313272205,38.6381103994957],[-107.369488329063,38.6382915613829],[-107.369579756276,38.6385059535162],[-107.369670950107,38.638702329888],[-107.369719452221,38.6388995713996],[-107.369830775143,38.639064003966],[-107.370093853676,38.6393560083858],[-107.370400455837,38.6396831706554],[-107.370573738757,38.639810305557],[-107.370832964627,38.6399852537227],[-107.371048137358,38.6400980232205],[-107.371263546282,38.6402288079207],[-107.37143579293,38.64032442682],[-107.371713962703,38.6404314122719],[-107.37229236486,38.6406719641219],[-107.372636862225,38.6408631984734],[-107.372811338988,38.6410263465126],[-107.373010340207,38.6413016239963],[-107.373303966808,38.6418768219848],[-107.373437153013,38.6420723427955],[-107.373569298713,38.6422363488864],[-107.373639935476,38.6424511595679],[-107.373695582929,38.6428644987304],[-107.373599908099,38.6431637773523],[-107.373498734788,38.6432964789591],[-107.373354184459,38.6433985252999],[-107.373167297068,38.64350143078],[-107.373004400665,38.6436894458873],[-107.372946156608,38.6438392961337],[-107.372808140501,38.6441394334256],[-107.372717003117,38.6445872874107],[-107.372730223752,38.6449879726315],[-107.372781771491,38.6452662424584],[-107.372853449279,38.6455125680552],[-107.372965620548,38.6457130208194],[-107.37309821805,38.6458905334083],[-107.37329714723,38.6461522962242],[-107.373515699431,38.6463776195718],[-107.373736395827,38.6466569600799],[-107.373960450483,38.6470488592863],[-107.374339383158,38.6476403421059],[-107.374674199778,38.6481786584955],[-107.375070535252,38.6486661681466],[-107.37529615311,38.6490940734947],[-107.375760471729,38.6497153521775],[-107.375853570158,38.6499792606978],[-107.37594420195,38.6501576225455],[-107.375969241001,38.6502742460431],[-107.375951938374,38.6503917299967],[-107.375999188781,38.650539437734],[-107.37609229045,38.6508033459447],[-107.376033093372,38.6509351965831],[-107.37595308555,38.6510674701064],[-107.375892995347,38.6511723082888],[-107.375855328182,38.6513037213183],[-107.375798361913,38.6515031028425],[-107.375805503129,38.6517192020016],[-107.375881067108,38.6520825786561],[-107.375928554407,38.6522483019156],[-107.376025290087,38.6526112481849],[-107.376013344948,38.652890806407],[-107.376019445586,38.6530753910333],[-107.376068334988,38.6532726213212],[-107.376161886245,38.6535500354558],[-107.376271848046,38.6536829531585],[-107.376360848963,38.6538117917115],[-107.376432784846,38.654076129674],[-107.376484504012,38.6543588988687],[-107.376609649587,38.6549510263945],[-107.376660179467,38.655197778948],[-107.376666282268,38.6553823634147],[-107.376756923555,38.6555607241998],[-107.376911913009,38.6557738173572],[-107.37700055956,38.6559026625457],[-107.377153317254,38.6560482244528],[-107.377306671148,38.6562117943666],[-107.377440491062,38.6564253172331],[-107.377578631436,38.6567693995171],[-107.377653763048,38.6571192681395],[-107.377725111883,38.6573655966917],[-107.377880555125,38.6575921944524],[-107.37799252442,38.6577746254375],[-107.378102347436,38.6579030389623],[-107.378170779915,38.658050314681],[-107.378177334093,38.6582484050138],[-107.378254197761,38.6586613090499],[-107.37828579886,38.6589760219756],[-107.378480911611,38.6591207203357],[-107.378568521284,38.6592180497123],[-107.378657682596,38.6593513881051],[-107.378768701348,38.6595158172585],[-107.37890238432,38.6597248359329],[-107.378992826686,38.6599077038739],[-107.379063946677,38.6601360157575],[-107.379140133064,38.6605173972339],[-107.379261587684,38.6609969691244],[-107.379274107314,38.6613751410804],[-107.379306547617,38.6617258771043],[-107.37939848548,38.6619537649997],[-107.379468117352,38.662137056024],[-107.37960016782,38.6622965510956],[-107.379668249673,38.6624438328979],[-107.379694491513,38.6625964714243],[-107.379740566216,38.6627081605098],[-107.379829376019,38.6628415050219],[-107.380003775416,38.6630001374949],[-107.380263618328,38.6631795554305],[-107.380371813698,38.6632584438587],[-107.380458983809,38.6633422653873],[-107.380505656754,38.6634719622703],[-107.38055188247,38.6635881530036],[-107.380577382177,38.6637182810033],[-107.380646064078,38.6638835702587],[-107.380715701221,38.664066860323],[-107.380746123455,38.6643455555785],[-107.380818684528,38.6646278977117],[-107.380887129616,38.6647751713027],[-107.381040958942,38.6649522413426],[-107.381131415087,38.6651351070718],[-107.381311940019,38.6654783207992],[-107.381651822128,38.6661651785601],[-107.381805805672,38.6663467494344],[-107.381958596086,38.6664923038025],[-107.382068440137,38.666620712773],[-107.382178433842,38.6667536236584],[-107.382225709429,38.6669013277476],[-107.382335106808,38.6670162303259],[-107.382466486407,38.6671442000195],[-107.38259705915,38.6672586707799],[-107.382706457679,38.6673735729678],[-107.382901005425,38.6675002546227],[-107.383010404814,38.6676151564944],[-107.383098032556,38.6677124817956],[-107.383144265498,38.6678286712052],[-107.383150238378,38.668008752373],[-107.383098120799,38.6683431902527],[-107.382960703215,38.6686613466484],[-107.3828630367,38.6689111165161],[-107.382763489465,38.6690933485439],[-107.382704441925,38.6692297042806],[-107.382666181232,38.6693431109434],[-107.382608178401,38.6695109808463],[-107.38259357102,38.6697095017643],[-107.382601334503,38.6699436072996],[-107.382612233391,38.670272255437],[-107.382559515001,38.6705886849742],[-107.382587260996,38.6707863426305],[-107.382681610029,38.6710862593954],[-107.382793702554,38.6712821977453],[-107.382949791151,38.6715267949064],[-107.383081419481,38.6716727789316],[-107.383216244302,38.6719042939751],[-107.383356684839,38.6723158971643],[-107.383513225854,38.6725739994741],[-107.383909614722,38.6730569690251],[-107.384066757074,38.6733330785371],[-107.384203918433,38.6736456358993],[-107.384361810452,38.6739442550157],[-107.384474271854,38.6741401840438],[-107.384584730474,38.6742865980568],[-107.384736946238,38.6744141398151],[-107.384890358276,38.6745776975021],[-107.38502483525,38.6748092173277],[-107.38523420731,38.6753815938634],[-107.385233959455,38.6760123082748],[-107.385245470738,38.6763589635034],[-107.385251600203,38.676543546148],[-107.385192999404,38.6766934090984],[-107.385133711439,38.6768117505772],[-107.385075559823,38.6769751195013],[-107.38507840016,38.6770606578024],[-107.385083931378,38.6772272323846],[-107.385151202452,38.6773384864011],[-107.385282846398,38.6774844673304],[-107.385371684826,38.6776178064328],[-107.385329889376,38.678262883672],[-107.385367418422,38.6793928890756],[-107.385354912563,38.6796544380096],[-107.385315844449,38.6797543466736],[-107.385275729601,38.6798227412352],[-107.385214794787,38.6798915606313],[-107.385178417612,38.6800725054925],[-107.38516336818,38.6802575202061],[-107.38512690174,38.6804249516754],[-107.385133928876,38.6806365462846],[-107.385166411304,38.680987278432],[-107.385175681499,38.681266403199],[-107.385117436741,38.681416258792],[-107.385037653432,38.6815665538401],[-107.38504049419,38.6816520920763],[-107.384962713488,38.6818519019048],[-107.384967647338,38.6820004683149],[-107.38499316327,38.6821305945115],[-107.385062113542,38.6823138951918],[-107.385067645759,38.6824804696261],[-107.384783360694,38.6828331599045],[-107.384582147809,38.6831345991067],[-107.384482138701,38.6833033266446],[-107.384319636291,38.6835048643289],[-107.384259982264,38.6836232127979],[-107.384199491828,38.683705537798],[-107.38407689579,38.6838431902754],[-107.383974642677,38.6839443872201],[-107.383891925953,38.6839956299462],[-107.383746714347,38.6840796825768],[-107.383644698634,38.6841988946469],[-107.383588092389,38.6843982717513],[-107.383551261085,38.6845657101368],[-107.383493010574,38.6847155650361],[-107.383371457503,38.6848847309563],[-107.383313804083,38.6850525938405],[-107.383172474495,38.685253698239],[-107.383092085549,38.6853859840708],[-107.383009964181,38.685455234298],[-107.382948663065,38.685524060004],[-107.382929933141,38.6855875127235],[-107.382933220007,38.6856865570806],[-107.382894743239,38.6858044731175],[-107.382899673511,38.6859530396508],[-107.382903557992,38.6860700920679],[-107.382864483395,38.6861700000319],[-107.382739999413,38.6862401136954],[-107.382656680495,38.6862733475982],[-107.382552420395,38.6863250285554],[-107.382469101286,38.6863582623299],[-107.382429577813,38.6864446641165],[-107.38243286409,38.6865437084952],[-107.382520276403,38.686623017856],[-107.382543339047,38.6866901236781],[-107.382526401114,38.6868076005423],[-107.38246390454,38.6868404098736],[-107.382381182302,38.686891651671],[-107.382361645029,38.6869416055675],[-107.382324212354,38.6870910355641],[-107.382284688346,38.6871774373102],[-107.3822215042,38.6871787250973],[-107.382177947189,38.6871435723408],[-107.382155720037,38.6871124899146],[-107.382092535943,38.6871137776303],[-107.382030636318,38.6871645948148],[-107.382012740477,38.6872640708823],[-107.382036162465,38.6873311694784],[-107.382038850877,38.6874122057993],[-107.381955679628,38.6874499412677],[-107.381872000514,38.6874831819653],[-107.381853060124,38.6875511438617],[-107.381813147027,38.6876150280725],[-107.381727376919,38.6875852404143],[-107.381685014564,38.6875861036265],[-107.381600649426,38.6875878226783],[-107.381581707606,38.6876557845621],[-107.381603934695,38.6876868670974],[-107.381689345302,38.6877166621706],[-107.381714409881,38.6878332830357],[-107.381737830658,38.6879003817121],[-107.381782433344,38.6879670487483],[-107.381783478749,38.6879985628756],[-107.381784076124,38.6880165709483],[-107.381699798923,38.68803180347],[-107.381595446034,38.6880699703026],[-107.381515410819,38.6882022478575],[-107.381495871477,38.688252201653],[-107.381350200601,38.6883227455551],[-107.38135124583,38.6883542596904],[-107.381418313444,38.6884700248363],[-107.381379595203,38.6885699250472],[-107.381337829532,38.6885887962286],[-107.381232729077,38.688604452669],[-107.381150242743,38.6886737090542],[-107.381131300259,38.6887416708762],[-107.381049621162,38.6888244259311],[-107.380925129688,38.6888945378582],[-107.380784831257,38.6891271538442],[-107.380706822384,38.6893314705625],[-107.380775294578,38.6894787428825],[-107.380780221113,38.6896273095515],[-107.380617096371,38.6898108346151],[-107.38055614898,38.6898796518862],[-107.38049424594,38.6899304683451],[-107.380517069275,38.6899795591754],[-107.380581300915,38.6900097863752],[-107.380646489332,38.6900580142949],[-107.380649922859,38.6901615607611],[-107.380591302687,38.690311421744],[-107.380574211716,38.6904243963673],[-107.380576450932,38.6904919266708],[-107.380640235209,38.6905086477602],[-107.380704826975,38.6905388675486],[-107.380729292873,38.6906374805381],[-107.380668583641,38.6907243132576],[-107.380650685269,38.6908237891494],[-107.380674555201,38.6909043940434],[-107.380739146197,38.6909346138226],[-107.380763253859,38.6910332340943],[-107.380766090487,38.6911187724579],[-107.380747506706,38.691186726899],[-107.38068500556,38.6912195354034],[-107.380645328243,38.6913014346549],[-107.380610487941,38.6915183871748],[-107.380658615182,38.6917021143619],[-107.380704712396,38.6918138019151],[-107.380729776013,38.6919304229454],[-107.38073306059,38.6920294673536],[-107.380735897284,38.6921150057045],[-107.380781547005,38.692213187153],[-107.380846378028,38.6922614222015],[-107.380848468338,38.6923244504525],[-107.380851305199,38.692409988792],[-107.380769173901,38.6924792376926],[-107.380728450947,38.6925296228488],[-107.38079468583,38.6926093647399],[-107.38085891999,38.6926395916959],[-107.381029217538,38.6926721630135],[-107.381053087464,38.6927527677972],[-107.381120159085,38.6928685329189],[-107.381248898241,38.692915465732],[-107.381292548029,38.6929641320572],[-107.381315970338,38.6930312307234],[-107.381319255853,38.6931302750706],[-107.381300164381,38.6931937348656],[-107.381259799887,38.6932441128992],[-107.38121907688,38.6932944982232],[-107.381263085349,38.6933431572468],[-107.381305690024,38.6933603094457],[-107.381409363646,38.6932906212428],[-107.381492691167,38.6932573879883],[-107.381577062971,38.6932556688036],[-107.381600486802,38.6933227673748],[-107.381602727214,38.6933902975944],[-107.381583186709,38.6934402514069],[-107.381543271511,38.6935041355552],[-107.381609299135,38.6935883862333],[-107.381694030928,38.6935866596243],[-107.381778851225,38.6935984463238],[-107.381760506923,38.6936844162497],[-107.381722831173,38.6938158306875],[-107.381793191212,38.6940306396371],[-107.381739411549,38.6943155542045],[-107.381713476342,38.6948116390172],[-107.381772872298,38.6953240051172],[-107.381779445142,38.695522093666],[-107.381698594918,38.695640872737],[-107.381618552175,38.6957731504685],[-107.381514874155,38.6958428389611],[-107.381498381252,38.6959738216691],[-107.381512123281,38.6963880068444],[-107.381480809107,38.6967220190742],[-107.381380177825,38.6968727363829],[-107.381259646063,38.6970734146874],[-107.381182438784,38.6972912304123],[-107.381104035105,38.6974730300125],[-107.381043320981,38.6975598630034],[-107.380984696397,38.6977097241763],[-107.380947616006,38.6978591464234],[-107.380933002316,38.6980576665825],[-107.380943755172,38.6983818115227],[-107.380872906544,38.6988022249769],[-107.380756612802,38.6991199478579],[-107.380658216864,38.6993381948388],[-107.380578764563,38.6994884800495],[-107.380480009139,38.6997067342031],[-107.380356991916,38.6998218661597],[-107.380253666604,38.699891546389],[-107.38014974387,38.6999432184753],[-107.380046507584,38.7000264118762],[-107.379902006205,38.7001329707669],[-107.379675660835,38.7003177819107],[-107.379472977451,38.7005877069203],[-107.3793729339,38.7007564307796],[-107.379189194045,38.7009583938091],[-107.378981343782,38.7010617361294],[-107.378858471091,38.7011813686512],[-107.378629523004,38.7012986549564],[-107.378296200259,38.701454105315],[-107.378092226031,38.7016744986387],[-107.377636025441,38.7019495788522],[-107.377322241866,38.7020550733493],[-107.377092753298,38.7021453373451],[-107.376798513983,38.7022008773098],[-107.376631028023,38.7022538389884],[-107.376424451605,38.7024067065328],[-107.376200922416,38.7026770498628],[-107.376060583732,38.7029096610159],[-107.375940387191,38.7031103271248],[-107.375837736522,38.7032115251911],[-107.37558087645,38.703419474154],[-107.375410263383,38.7035625988002],[-107.375262543698,38.7036917427461],[-107.374999399358,38.7038727878393],[-107.374723274178,38.7040090455537],[-107.374539168793,38.7041028874886],[-107.374344405299,38.7042329861236],[-107.374118533813,38.7044763427976],[-107.373896383128,38.7048322498735],[-107.373683847043,38.7051203854085],[-107.373435820226,38.7054002312316],[-107.373174155143,38.7056262928104],[-107.372899358477,38.7058030648216],[-107.372624350787,38.7059843455373],[-107.372386679224,38.7062189283793],[-107.372241775549,38.7064336074858],[-107.372133315613,38.7066745770303],[-107.371639728956,38.7070269790432],[-107.370280946527,38.7083835376722],[-107.369573784913,38.7090375964466],[-107.368912580962,38.7088527788225],[-107.368510359956,38.7085230520637],[-107.367996473226,38.7081415258572],[-107.367492760021,38.7075345382517],[-107.366526594089,38.7063287306829],[-107.365946284397,38.7056647211891],[-107.365352067057,38.7050145052962],[-107.364909859688,38.7045278976099],[-107.364550343304,38.7041297164009],[-107.36421990919,38.7036543596094],[-107.363957931284,38.7033262842646],[-107.363639791462,38.7029948390858],[-107.363153727679,38.7026487683239],[-107.362930855742,38.7025586682723],[-107.362364867311,38.7024259481568],[-107.36154411239,38.7024785761462],[-107.360307800947,38.7027333095576],[-107.359476258205,38.703069960202],[-107.358835591563,38.70332166139],[-107.358054706096,38.7035491579389],[-107.357148112596,38.7037566594436],[-107.356495349428,38.7038373992611],[-107.355655225013,38.7037822549276],[-107.354984151641,38.7036335967805],[-107.354677048242,38.7035496832394],[-107.354474755807,38.7034951928947],[-107.354251870919,38.7033825510889],[-107.354001105251,38.7032524501395],[-107.353834450406,38.7031341698461],[-107.353667102015,38.7029618424105],[-107.353617457816,38.7031024994193],[-107.353563365837,38.7034910249244],[-107.353346386003,38.7040405079959],[-107.352997962177,38.7044169393881],[-107.352474846407,38.7047698558641],[-107.352141565501,38.7050603835741],[-107.351681577803,38.7054210361478],[-107.351243029286,38.7057452150391],[-107.349960529407,38.7057665052238],[-107.348730108552,38.706061544176],[-107.348361761204,38.706357271086],[-107.347971772276,38.7067165026857],[-107.347338470448,38.7069319528886],[-107.346882079954,38.7069861695652],[-107.346052338295,38.707205557509],[-107.345530710199,38.7074187561463],[-107.345115682265,38.7075622373052],[-107.344315012034,38.7076819179844],[-107.343373275532,38.7078945234177],[-107.34247320722,38.7081288115007],[-107.34137978173,38.7086597967169],[-107.340399838835,38.7091119129213],[-107.339119658043,38.709470919084],[-107.337975091938,38.7096469951883],[-107.337061027043,38.7098499863688],[-107.336701580504,38.710023861931],[-107.336565671162,38.7102202977543],[-107.336363089277,38.7107199066721],[-107.336211120864,38.7110743409109],[-107.335945803542,38.7115346575072],[-107.335558120174,38.7117135991216],[-107.334816485146,38.7121473909658],[-107.334180412973,38.7125565443457],[-107.333712757796,38.7129398058035],[-107.333218319027,38.713228993498],[-107.332374320515,38.7134665902331],[-107.331411000224,38.7136930462167],[-107.330488321761,38.7140313108583],[-107.329933008941,38.7141730310803],[-107.329328890231,38.7142616605252],[-107.328764310121,38.7145387124086],[-107.32785638745,38.7148451268332],[-107.327319262745,38.7151711808154],[-107.326760406797,38.7155697463724],[-107.326200848571,38.7160133741082],[-107.325712217944,38.7163835063243],[-107.325200412129,38.7163936909968],[-107.324612285322,38.716333310307],[-107.323828011165,38.7163308883109],[-107.323129828129,38.7161014953752],[-107.32246010116,38.7158850479367],[-107.321586386055,38.7156951746866],[-107.321544286462,38.7156824957799],[-107.321129643264,38.7157853391093],[-107.320874720177,38.7159706056666],[-107.320471986642,38.7162083627607],[-107.320210789832,38.7163441965121],[-107.31990687048,38.7165259286913],[-107.319387402837,38.7165993112127],[-107.318580942169,38.7166333350295],[-107.317839153433,38.7165444331917],[-107.316964117012,38.7164581685609],[-107.316256340571,38.7164541789617],[-107.31525432437,38.7164199742242],[-107.314420053922,38.7164274897065],[-107.313754650778,38.7164001202631],[-107.313107909544,38.7165390660288],[-107.31248876741,38.7167315231999],[-107.312029549457,38.7170019048596],[-107.311655077681,38.7172255574509],[-107.310852265602,38.7174847104334],[-107.310299267256,38.7174325731112],[-107.309267609335,38.7175385610058],[-107.307662872442,38.7180072553357],[-107.307154287622,38.7183191387585],[-107.306897342089,38.7186440730794],[-107.306687984517,38.7191077254434],[-107.306423432852,38.7194868700108],[-107.306091857149,38.7201736830847],[-107.305783857846,38.7206437855036],[-107.305104785749,38.7216347881754],[-107.304753766338,38.7222093536841],[-107.304416321763,38.7227926606411],[-107.304100128651,38.7233440119531],[-107.303995068976,38.7238776844598],[-107.303835874318,38.7242367255262],[-107.303572423026,38.7245392554476],[-107.303139090507,38.7249802859938],[-107.302551357509,38.725392821815],[-107.302515906664,38.7259566570013],[-107.302971990892,38.7264252090476],[-107.303414221512,38.7269210628509],[-107.303621929959,38.7276242676101],[-107.303433647208,38.7280739833112],[-107.303240938679,38.7283300670341],[-107.302617200914,38.7288198995186],[-107.302026998892,38.7288991047477],[-107.301353595448,38.7289619253115],[-107.300496559741,38.7290824185277],[-107.299578001517,38.7290779736384],[-107.298060706681,38.7293240682124],[-107.296343904397,38.7297722882411],[-107.295340205344,38.7298595851601],[-107.293686312871,38.7303425713578],[-107.292122713915,38.7308733192184],[-107.290993776869,38.731395524943],[-107.28990542145,38.7320295520482],[-107.289335511085,38.7321713671983],[-107.28770918707,38.7321581685109],[-107.286430251771,38.7323634051267],[-107.285849903719,38.7327757135975],[-107.285365610141,38.733303273184],[-107.284898325032,38.7341503602984],[-107.284550016085,38.7350086347137],[-107.28423340184,38.7355869723172],[-107.283669091317,38.7363458492977],[-107.283220400521,38.7368411686056],[-107.282330151186,38.7373451120976],[-107.281053877937,38.7378746060182],[-107.280245265836,38.738030047322],[-107.278176592279,38.7380839153344],[-107.276833558922,38.7378713232272],[-107.275888091524,38.737781620448],[-107.274965714398,38.737569822595],[-107.273706336976,38.7373645756603],[-107.27233531021,38.7371299506594],[-107.271353617304,38.7371445329149],[-107.270201004731,38.7373471373004],[-107.269476437346,38.7375233967586],[-107.268973274546,38.7379025875335],[-107.268550518634,38.738527996034],[-107.268424709194,38.7390169902643],[-107.26821285369,38.7396157773327],[-107.267748038348,38.7402645249676],[-107.267171411235,38.7408793995517],[-107.266770256175,38.7414953723347],[-107.266018770926,38.7425956800162],[-107.265660450165,38.7431342314721],[-107.265027288695,38.7437817276592],[-107.264400220714,38.7439966120823],[-107.26364674373,38.7442049320861],[-107.262928127869,38.7439575561454],[-107.262503203537,38.7437540451658],[-107.262036534724,38.7435378254691],[-107.261323580403,38.7433669167497],[-107.260133152776,38.7432638072329],[-107.259536768499,38.743266331875],[-107.258858827131,38.7436128187128],[-107.25812297422,38.7440955742704],[-107.257491738452,38.7445898192876],[-107.256850772843,38.7453004942532],[-107.256739340797,38.7457351373405],[-107.256688858999,38.7463127666392],[-107.256633470642,38.7467688526523],[-107.256380933246,38.7477693594523],[-107.255912257381,38.7481748594944],[-107.255200514562,38.7484318759539],[-107.254649305725,38.7487173260676],[-107.25417912321,38.7492354761121],[-107.254182895922,38.7494696690843],[-107.254213512481,38.7497799310022],[-107.254508575423,38.7500039982704],[-107.254583075406,38.7502233110359],[-107.254507965177,38.7503959546192],[-107.253760747503,38.7511492091582],[-107.252777405994,38.7520782063891],[-107.252521237983,38.7527138609715],[-107.252412862756,38.7532926044327],[-107.25216026048,38.753675903328],[-107.251720545183,38.7539636957296],[-107.250974575123,38.7543925408131],[-107.25061982986,38.7544894773667],[-107.250315786493,38.7546665282498],[-107.249963814626,38.7548174707304],[-107.249257604307,38.7550473144151],[-107.248730866605,38.7551295359819],[-107.248488236013,38.7550981649803],[-107.248301409765,38.7550116582398],[-107.248101105749,38.7548623389832],[-107.247689847956,38.7545909349628],[-107.246316761149,38.7541037607527],[-107.244735003247,38.7535665182594],[-107.243747086031,38.7532521168712],[-107.242618925654,38.7528683172365],[-107.241783621622,38.7526500820247],[-107.241052945831,38.7524658748062],[-107.240361841358,38.7524430884147],[-107.23905285261,38.7525312536912],[-107.238463291101,38.7525245304538],[-107.23842830796,38.7524981699948],[-107.23832471641,38.7524280727766],[-107.238262716668,38.7522850967488],[-107.238174342015,38.7520345030759],[-107.237899162373,38.7516973852474],[-107.237464680043,38.7514173790654],[-107.236622660045,38.7509829892957],[-107.235700716552,38.7505681432159],[-107.234865739269,38.7503588618871],[-107.234308715879,38.7502073310978],[-107.233602455955,38.75000909439],[-107.232509483721,38.7497011101125],[-107.230573131638,38.7488550893353],[-107.230166737814,38.7487367037072],[-107.228732177575,38.7481153391925],[-107.227891927256,38.7477349130283],[-107.227200891715,38.7473426261509],[-107.226966435357,38.7472029310255],[-107.226803211971,38.7471339599081],[-107.226640268723,38.7470739934812],[-107.226443388741,38.7470326940435],[-107.226155916871,38.7470381716943],[-107.22591499992,38.7470607822415],[-107.224980200271,38.7473398852658],[-107.224146927233,38.74755397638],[-107.223202011674,38.7478783091736],[-107.223030084919,38.7478996010251],[-107.222846379643,38.7479121064469],[-107.222582460294,38.7479351477734],[-107.222317423559,38.7479221686932],[-107.222006390698,38.747910063769],[-107.221637583444,38.7478900463271],[-107.221222500988,38.7478618972051],[-107.220911189315,38.747840784389],[-107.220507048215,38.7477944041986],[-107.220032239298,38.7476953037637],[-107.219395329647,38.7475632395947],[-107.219164512663,38.7475405930347],[-107.218946589161,38.747562752505],[-107.218672285735,38.7476220232843],[-107.218387319188,38.7477085266981],[-107.218080190093,38.7478224809797],[-107.217400557089,38.748168761418],[-107.217172525115,38.7482361608054],[-107.217045755945,38.748229556104],[-107.216849713345,38.7482152553903],[-107.2167456639,38.7481992090078],[-107.216501953465,38.7481317504524],[-107.216350514958,38.7480715513432],[-107.216198241112,38.7479843370563],[-107.215740864834,38.7477046829426],[-107.215565872835,38.7476269089143],[-107.215367047863,38.7475225556894],[-107.215072890697,38.7473118861868],[-107.214814067218,38.7471275769637],[-107.214522418059,38.7469979509856],[-107.214161219754,38.7468516217228],[-107.21383618896,38.7467586677109],[-107.213174074616,38.7465549646844],[-107.212966260069,38.7465318700896],[-107.212598017207,38.7465298338422],[-107.211781039036,38.7465272816184],[-107.211401852967,38.7465434693161],[-107.211000780278,38.7465961110873],[-107.209868218367,38.7468067535188],[-107.208493059881,38.7469859296912],[-107.20743820245,38.7471049769985],[-107.206934186381,38.7471775702893],[-107.206290794028,38.7472077419199],[-107.206153914358,38.7472463677153],[-107.206040032679,38.747284559128],[-107.205927814267,38.7473767807605],[-107.205642420639,38.7478236728161],[-107.205274175946,38.7485694675032],[-107.204971317634,38.7491968933258],[-107.204149109118,38.750018828055],[-107.204109942755,38.7500781337998],[-107.203930970049,38.7503383031604],[-107.203727712317,38.7508377029206],[-107.203569781796,38.7512326291407],[-107.203366080272,38.7517996137762],[-107.203295562149,38.7523010145142],[-107.203445341976,38.7528568275135],[-107.203706386543,38.753288902807],[-107.203966609911,38.7538110957763],[-107.204425606798,38.7543655788807],[-107.204885016086,38.7548164340545],[-107.205301054474,38.7552365700224],[-107.20578215743,38.7557726096403],[-107.206286559616,38.7561775581564],[-107.206877190036,38.7568016273705],[-107.207271460725,38.7571681054844],[-107.207489295923,38.7575153903884],[-107.207618091351,38.7579139138809],[-107.207636936546,38.7582919892167],[-107.20756816256,38.7586041431523],[-107.20752068119,38.7589654512017],[-107.207495156319,38.7593623854303],[-107.207314618296,38.7597937844615],[-107.207047605124,38.7600330960739],[-107.206758829425,38.7602547976198],[-107.206204231123,38.7605445905446],[-107.205716992148,38.7606979550591],[-107.205207718956,38.7608832694254],[-107.204654507376,38.7610198542689],[-107.204299722194,38.7611887338371],[-107.203966997735,38.7613617012964],[-107.203434468968,38.7616330443191],[-107.202836271023,38.7618740872402],[-107.202105194902,38.7621446627063],[-107.201484924183,38.7623816096934],[-107.200710924953,38.7625313466349],[-107.200246881027,38.7625626128574],[-107.199937031746,38.7626495405081],[-107.199692708198,38.7628208312142],[-107.199514352236,38.7630088999921],[-107.199268727923,38.7633018530485],[-107.198956855548,38.763627588549],[-107.198511576482,38.7640008852586],[-107.198200003044,38.7643130977299],[-107.197776612855,38.7647085055035],[-107.197287635835,38.7650645991357],[-107.196975221724,38.7654083601721],[-107.196618786467,38.7657709686755],[-107.19643980495,38.7660446422237],[-107.196170816595,38.7664912028449],[-107.195791029755,38.767007422548],[-107.1954782669,38.7673872273011],[-107.195056676032,38.7676429322758],[-107.1947444071,38.7679686641575],[-107.194475234415,38.7684332449444],[-107.194164124281,38.7686913764603],[-107.19363197519,38.7689311323081],[-107.193143731321,38.7691835769189],[-107.192721594061,38.7694573043972],[-107.1922994787,38.7697670710682],[-107.1916336085,38.7701625020381],[-107.19112227682,38.7705189896444],[-107.190589317527,38.7708623651905],[-107.190211039869,38.771171302368],[-107.189698403451,38.7716854881585],[-107.189075905007,38.7721476688483],[-107.188431974985,38.7725561860945],[-107.187942676554,38.7729167523534],[-107.18747453333,38.7734165797685],[-107.187095775253,38.7737930930952],[-107.186738627278,38.7742412829128],[-107.18669022096,38.7746701772624],[-107.186818790837,38.7751227894867],[-107.187035152774,38.7756233144114],[-107.187297645278,38.7759382644556],[-107.187599001251,38.7763831350564],[-107.187947806023,38.7768856828708],[-107.188363407946,38.7773374217068],[-107.188515238945,38.7776679572844],[-107.188599132613,38.7781529401332],[-107.188749964068,38.7785330505503],[-107.188922605819,38.77900285473],[-107.189182375161,38.7795926643781],[-107.189487828087,38.7800059168628],[-107.189816306882,38.7803016033651],[-107.190035585622,38.7805317593138],[-107.190251964692,38.7809962360916],[-107.190512729585,38.781500426242],[-107.190749279681,38.7822123059301],[-107.190898114907,38.7828672635618],[-107.190892186938,38.7835431443399],[-107.190753620016,38.7841989871646],[-107.190461648291,38.78476760408],[-107.190103804597,38.7852293322642],[-107.189681587636,38.7855390917357],[-107.189369051282,38.785882834973],[-107.189124174713,38.7861216913649],[-107.188900219436,38.7864682783083],[-107.18854378678,38.786776800931],[-107.188120123767,38.7872397563528],[-107.187764212488,38.787530246347],[-107.187630105856,38.7876859325257],[-107.187362755382,38.7879432267137],[-107.187095741303,38.7881644729619],[-107.186650726539,38.7885061844307],[-107.186183458758,38.7889203928153],[-107.185716648863,38.7892084471514],[-107.185162893527,38.7893945082734],[-107.184720283553,38.7894973955904],[-107.184455655246,38.7894437782991],[-107.184213775826,38.7893221580371],[-107.183796348054,38.7890596553177],[-107.183445103474,38.7888319549503],[-107.183048988637,38.7886546485784],[-107.18260831006,38.7885142146291],[-107.182255288436,38.7884757593784],[-107.181924677841,38.7884053484824],[-107.181528398963,38.7882460604706],[-107.181088203094,38.7880740757618],[-107.180604518032,38.7878443345234],[-107.180053176775,38.7877555131781],[-107.179580602968,38.7877958683466],[-107.179522492105,38.7878014578209],[-107.179057129698,38.7879723252336],[-107.178635170075,38.7882099582957],[-107.178191275073,38.7884479989112],[-107.177791209597,38.7887077463491],[-107.177414118082,38.7888949819944],[-107.177037349987,38.7890101282356],[-107.176815928199,38.789063811483],[-107.176306718303,38.7892129595224],[-107.175730643335,38.7893993919847],[-107.175288652534,38.7894166345264],[-107.174868474308,38.7894650052071],[-107.174248510785,38.7896162065006],[-107.173761861563,38.7896793259417],[-107.173297469273,38.7897645549275],[-107.172987968054,38.7897613029827],[-107.172834042813,38.7896920842778],[-107.172744657602,38.7898289011777],[-107.172764783411,38.7900177425936],[-107.172760667139,38.7904863534886],[-107.172645680292,38.7909885626808],[-107.172351885764,38.7916923234927],[-107.171992216498,38.7923477520521],[-107.171544651654,38.7929642674605],[-107.171097683791,38.7935176981655],[-107.170717923177,38.7939977959702],[-107.170359573853,38.7945315563317],[-107.170047596167,38.7948031561462],[-107.169626049382,38.7950092134767],[-107.169138666544,38.7951444098163],[-107.16869585779,38.7952427354023],[-107.16820947427,38.7952923117252],[-107.167832966554,38.7953939083813],[-107.167301533001,38.7955479352451],[-107.166703794557,38.7956986846007],[-107.166349391061,38.7957818458987],[-107.165972405243,38.7959510225388],[-107.165329248643,38.7962062253479],[-107.164531023243,38.7965093499275],[-107.163866744196,38.7966613180018],[-107.163247052015,38.7968124565168],[-107.162805010246,38.7968296531837],[-107.162186305129,38.7968230879144],[-107.161832725763,38.7968386432244],[-107.161523552035,38.7968353551121],[-107.161058912825,38.7969025199175],[-107.160528454334,38.7969348593017],[-107.159953462441,38.7970175764076],[-107.159532915444,38.7970794146041],[-107.159201269327,38.7970945564172],[-107.158891568628,38.7971453327865],[-107.158647028809,38.7973165428906],[-107.158357249462,38.7976102273444],[-107.15806662869,38.7979715037684],[-107.157819573529,38.798381531171],[-107.157504811257,38.7989685093218],[-107.157258238589,38.7993469906385],[-107.15701118242,38.7997930574925],[-107.156763898859,38.8002436331658],[-107.15653824599,38.800743365474],[-107.156358009062,38.8011025994643],[-107.156266200031,38.8014827263397],[-107.156307397897,38.8018108410053],[-107.15641424134,38.8021918052877],[-107.156563782491,38.8027476814953],[-107.156736450164,38.8031634710558],[-107.156929744733,38.8037500746584],[-107.157102248308,38.8042199282632],[-107.157101591615,38.8043055380241],[-107.15718667345,38.8046328416504],[-107.157359005184,38.8051207185007],[-107.157465195303,38.8055512501077],[-107.157526854288,38.8060682018429],[-107.157477212881,38.8066412712762],[-107.157406863482,38.8070885793646],[-107.157381174324,38.807417928866],[-107.157444146025,38.807763661078],[-107.157640322138,38.8080753964193],[-107.157858254476,38.8083687088741],[-107.158032446486,38.808667334283],[-107.158292786094,38.8091851189683],[-107.158421248876,38.8096377633823],[-107.158483087316,38.810100649273],[-107.158389738431,38.8106204649181],[-107.158075810103,38.8111173259725],[-107.157740064752,38.8115830533563],[-107.157427271399,38.8119627582511],[-107.15702502422,38.8124432275162],[-107.156667317472,38.8128733164208],[-107.156288193183,38.8132497381045],[-107.155775674988,38.8136781775273],[-107.155331192909,38.8139521845538],[-107.154709473567,38.8142564909863],[-107.154176192023,38.8145816885122],[-107.153643919443,38.8147852264162],[-107.153267292841,38.8149228202848],[-107.152912777519,38.8150059437132],[-107.152528937982,38.8150355449697],[-107.152111574652,38.8145972287553],[-107.15171977155,38.8142665632712],[-107.151485214095,38.8140185971708],[-107.151170550738,38.8138712191622],[-107.150750102199,38.8137843553153],[-107.150223464113,38.8137805376234],[-107.149669769531,38.8138583080602],[-107.149247855954,38.8139381558215],[-107.148773911027,38.8139153412799],[-107.148378254258,38.8139947027872],[-107.148088121986,38.8140766271421],[-107.147639367477,38.814197509061],[-107.14724392923,38.8142363164833],[-107.14679561781,38.8143121356466],[-107.146268128538,38.8144119339713],[-107.145818964698,38.81455534215],[-107.145449379268,38.814652235289],[-107.145053893169,38.8147135618968],[-107.144395196344,38.8147707103453],[-107.143947057274,38.8148284948938],[-107.14357787051,38.8148668079984],[-107.143236064571,38.8148460506136],[-107.142817278527,38.8145744168631],[-107.142398449838,38.8143253080544],[-107.14205696066,38.8142189436838],[-107.141531802686,38.8140483693766],[-107.141270392994,38.813863946757],[-107.141007995446,38.8137786547785],[-107.140639983153,38.8137358444508],[-107.140245217847,38.8136890181089],[-107.139692276131,38.813708160624],[-107.139349936853,38.8137054221261],[-107.138902025702,38.8137226368041],[-107.138348315601,38.8138003539013],[-107.137795145219,38.8138600379234],[-107.137346419058,38.8139583541646],[-107.137002583105,38.8141223265393],[-107.136499073858,38.8144468992484],[-107.13615360412,38.814773084259],[-107.135783369194,38.8149330308208],[-107.135308280579,38.8150768728811],[-107.134859770357,38.8151346293919],[-107.134410755782,38.8152960117534],[-107.134066906397,38.8154599758195],[-107.133671040718,38.8155573120712],[-107.133064975587,38.8156179402228],[-107.132511520857,38.8156325530842],[-107.131932120095,38.8156701627201],[-107.131378434001,38.8157253207605],[-107.131035166181,38.8158487190285],[-107.130637377518,38.8161352963284],[-107.130317899705,38.8165015364344],[-107.129971342498,38.8169133210557],[-107.12970579,38.8171569369759],[-107.129466727099,38.817359522947],[-107.129227022132,38.8176251922056],[-107.128857298333,38.8177670871096],[-107.128541380483,38.8177458148361],[-107.128227337343,38.8175578170646],[-107.127886675664,38.8173703034499],[-107.127519291806,38.8172643683217],[-107.127203193007,38.817261116288],[-107.126807674057,38.817322381905],[-107.126280180361,38.817399564628],[-107.125614060807,38.8174747631367],[-107.124515197629,38.8177515527246],[-107.123624237547,38.8178668712825],[-107.122384348512,38.817637123232],[-107.121912980947,38.8174835034667],[-107.121640539762,38.8174839482506],[-107.121364307008,38.817538523102],[-107.121244829039,38.8175632191559],[-107.121171735102,38.8178168353658],[-107.120926663097,38.8183393790327],[-107.1205819442,38.8187060513664],[-107.119793159037,38.8194637221887],[-107.11895217859,38.8196997371887],[-107.118061886362,38.8200087230114],[-107.11613096514,38.8202059143346],[-107.115041572387,38.8203067427072],[-107.114893161528,38.8203634924085],[-107.114844464876,38.8204815083236],[-107.114993728502,38.8206725267282],[-107.115619018564,38.821855066026],[-107.115819001402,38.8222028447601],[-107.115945964103,38.8229168635655],[-107.115901131901,38.823809695978],[-107.115829831416,38.8243921524129],[-107.115412685455,38.8251836061715],[-107.115043603613,38.8257264046029],[-107.11440310663,38.8264272917895],[-107.113390292278,38.8269907495688],[-107.112203627461,38.8274942713063],[-107.109654379752,38.8279458183686],[-107.109308823304,38.8281412772226],[-107.108963177835,38.8284313448846],[-107.108469877618,38.8288412117063],[-107.107977014798,38.829363697399],[-107.107384573133,38.8297933699862],[-107.106667365526,38.8300450844564],[-107.105850924532,38.830240017184],[-107.104292069571,38.8306870986152],[-107.103648142171,38.830689690589],[-107.102484033344,38.8307286771025],[-107.100725115192,38.8307513233227],[-107.099587515408,38.8311412062921],[-107.098597318929,38.8313166868234],[-107.097187567088,38.831842086958],[-107.096273693595,38.8323495588189],[-107.095210548954,38.8328371763148],[-107.093879948298,38.8335593436224],[-107.092545974152,38.8343761647328],[-107.091903827116,38.8347480833578],[-107.091729785747,38.8347917476338],[-107.090925664018,38.8352386449323],[-107.091274905726,38.8354981950021],[-107.091450073033,38.8356527382181],[-107.09179786932,38.8358627558128],[-107.092285431278,38.8361738866627],[-107.092778179206,38.836674139085],[-107.093271593916,38.8371969031508],[-107.093798540068,38.8376965379642],[-107.09415493346,38.8381992292552],[-107.094405611542,38.8385956919218],[-107.094585907633,38.8389123237946],[-107.094666461067,38.8393388684322],[-107.094747375989,38.8397654064925],[-107.094901284207,38.8403483152494],[-107.095149596691,38.8406637257598],[-107.095530027423,38.8408190842976],[-107.095843543207,38.8410251993778],[-107.096259388659,38.8412339816301],[-107.096537137377,38.8413866751049],[-107.096714408615,38.8415997392196],[-107.097032331912,38.8419679573118],[-107.097211854104,38.842257567762],[-107.097354849632,38.8424802567796],[-107.09750300289,38.8428785538163],[-107.097749880923,38.8431444275914],[-107.097856275797,38.8432731653608],[-107.098099981422,38.8434309717633],[-107.098379329266,38.8436376937344],[-107.098520478784,38.8437973423034],[-107.098593483028,38.8439537103856],[-107.098598246925,38.8441158101201],[-107.098739757197,38.8442754519142],[-107.098918139022,38.8445380491216],[-107.099128325824,38.8447189815696],[-107.099238829229,38.8449873037196],[-107.099422642684,38.8454345134814],[-107.099509155111,38.84605016303],[-107.099586930544,38.8463686298822],[-107.099530339096,38.8467706055739],[-107.099502373599,38.8469828503305],[-107.099304755888,38.8472296816101],[-107.09917104873,38.8473357039865],[-107.098936857556,38.8475020995707],[-107.0987732918,38.8477438126552],[-107.098644479911,38.8480164368512],[-107.098549289032,38.8482569205849],[-107.098527672901,38.848685297974],[-107.098582244465,38.8493781095166],[-107.098666013001,38.8499127160662],[-107.098578629117,38.8504188629851],[-107.098357793766,38.8510400369709],[-107.097799251088,38.8517979280927],[-107.09727726797,38.8526362524264],[-107.097073342232,38.8530859247328],[-107.096810294671,38.8535456687905],[-107.096639512601,38.8540082605045],[-107.096620162522,38.8543915451769],[-107.096630742998,38.8547517666126],[-107.096698635942,38.8549667942031],[-107.09673703278,38.8552319080442],[-107.09674893685,38.8556371570689],[-107.096733157446,38.8561420163708],[-107.096648821822,38.856409334328],[-107.096442414133,38.8567013700374],[-107.096205050225,38.8569939612078],[-107.095903589401,38.8571885894977],[-107.095417315109,38.8573685136819],[-107.094929453488,38.8574944026354],[-107.094467426457,38.8574576409627],[-107.093999946614,38.8572227489732],[-107.093531582161,38.8569698503609],[-107.092845443045,38.8566217407217],[-107.092060834813,38.8560591445571],[-107.091125026024,38.8555713335641],[-107.090344003036,38.8551303002564],[-107.089625853499,38.854733187758],[-107.088912359733,38.854507183054],[-107.088384163058,38.8543003853067],[-107.087707159483,38.8542629366577],[-107.086999564533,38.8542260309173],[-107.085831414783,38.8542018550571],[-107.085093228976,38.8541654842558],[-107.084199257297,38.8540598075006],[-107.083705217332,38.8539740177116],[-107.081892766852,38.8539838254327],[-107.079621299434,38.8540468336288],[-107.078731531465,38.8540852049258],[-107.078212836828,38.8542160781993],[-107.077455329312,38.8545674462711],[-107.076546520339,38.8550161089059],[-107.075665117568,38.8553426381007],[-107.074778863814,38.8555025561395],[-107.073798372661,38.8555920589258],[-107.073124892837,38.8556761023126],[-107.07266484623,38.8557067962111],[-107.072268567672,38.8558129441302],[-107.071747332716,38.8558447204747],[-107.071194490476,38.8558545294355],[-107.070546341351,38.8557443867981],[-107.070144443659,38.8556569053698],[-107.069405233089,38.8555979277127],[-107.068789769517,38.8555592784536],[-107.068236276101,38.855546559113],[-107.067405288071,38.8554891945536],[-107.06709683923,38.8554450993559],[-107.066112165578,38.8553904464985],[-107.065191545943,38.8554337658442],[-107.064641800206,38.855538097348],[-107.063845863581,38.855646778546],[-107.063295463168,38.855728589494],[-107.062593454624,38.855885158974],[-107.062107098855,38.8560649464578],[-107.061436978971,38.8562659974201],[-107.060677572177,38.8565677341428],[-107.060067041375,38.8567001480573],[-107.059699902094,38.8567561825077],[-107.059209896397,38.8568098778011],[-107.058718589958,38.8568185423317],[-107.058165735635,38.8568282898283],[-107.057735977598,38.8568358651776],[-107.057333439647,38.8567258249768],[-107.056901894121,38.8566838719209],[-107.056257258372,38.8566952273315],[-107.055856667547,38.8566527252068],[-107.055420326562,38.8564441599219],[-107.055015718666,38.8562620654235],[-107.054551222231,38.8561260750938],[-107.054334559367,38.8560803308299],[-107.053996946494,38.856086270947],[-107.053541808442,38.8562879995471],[-107.053270822751,38.8564819827078],[-107.053034416191,38.8568015018943],[-107.052888236021,38.8570653721155],[-107.052774564416,38.8573827325852],[-107.052624238319,38.8575025099964],[-107.052412853132,38.8576278657972],[-107.051988525876,38.85782454161],[-107.051536865514,38.8581478409114],[-107.051177216573,38.858465016792],[-107.050969189092,38.8587074453905],[-107.050824910759,38.8590253416666],[-107.05053301545,38.8595575734544],[-107.050086770164,38.8600699891632],[-107.049907261455,38.8602398324108],[-107.049540094683,38.8602958355794],[-107.049203883079,38.8603512942609],[-107.048713195495,38.8603824318586],[-107.048286543487,38.8605115576416],[-107.048044415867,38.8606329398185],[-107.047865030009,38.8608072829816],[-107.047720244109,38.8611206792242],[-107.047365832721,38.8616089480486],[-107.04703532309,38.8618760434649],[-107.046855931706,38.8620503851935],[-107.046585266492,38.8622443474156],[-107.046372850375,38.8623471846447],[-107.046131487882,38.8624955805066],[-107.045829860965,38.862690083642],[-107.045586846018,38.8627934556619],[-107.045372592107,38.862819735423],[-107.045096139432,38.8628245785368],[-107.044879176705,38.8627562962954],[-107.044537401973,38.8626181168087],[-107.044195267994,38.8624799425952],[-107.043915334278,38.8623632042632],[-107.043209087824,38.8623755666739],[-107.041859204562,38.8624487405403],[-107.040754401169,38.8624905839554],[-107.040141075222,38.8625283345166],[-107.03980371187,38.8625567553411],[-107.039590872881,38.8626325566683],[-107.039286524578,38.8627324819728],[-107.038950576193,38.8628104325235],[-107.038400085983,38.8628921282529],[-107.037570080457,38.8628840914962],[-107.037263029606,38.8628894500762],[-107.036927437413,38.8629673886091],[-107.036530931959,38.8630689146505],[-107.036227349257,38.8631958497117],[-107.035680603519,38.8634216329219],[-107.03504028914,38.8635994877542],[-107.034216153683,38.8637850473965],[-107.033545876574,38.8639859420354],[-107.033087163841,38.8640660141309],[-107.032235113147,38.8643466546833],[-107.031654285198,38.8644513727163],[-107.031164969645,38.8645319698577],[-107.030436579026,38.8648554975811],[-107.030042871303,38.8650560669442],[-107.029497499512,38.8653313544737],[-107.029165215834,38.865526347907],[-107.028494395034,38.8657092024904],[-107.027887046901,38.865958528367],[-107.027095381824,38.8662110516842],[-107.026212321486,38.8664921870452],[-107.025204092837,38.866703404356],[-107.024809592952,38.8668769389025],[-107.024474605827,38.8669773572562],[-107.024205031766,38.8672253113634],[-107.023812571197,38.8674708900705],[-107.023418829754,38.8676714378876],[-107.022874049819,38.8679692103983],[-107.022327223145,38.8681949329872],[-107.021444756108,38.8684985481889],[-107.020805356063,38.8686988355541],[-107.020074961478,38.8689547561923],[-107.019711674244,38.8691502594629],[-107.019283233632,38.8692072280208],[-107.018792466722,38.8692382417497],[-107.017966182801,38.8693516416685],[-107.017259495254,38.8693638552292],[-107.016831687475,38.8694433297801],[-107.016186559849,38.8694544733144],[-107.015602229931,38.8694375324957],[-107.015345352455,38.8693203274365],[-107.014919736149,38.8690438477321],[-107.014654029033,38.8688817416858],[-107.013871384844,38.8688952454665],[-107.013454926084,38.8689429755793],[-107.012884639298,38.869078955147],[-107.012314223221,38.8692104289879],[-107.011740017305,38.8692203253836],[-107.011220655456,38.869310367438],[-107.011015279664,38.8694355454664],[-107.010758845024,38.8696021492548],[-107.010347074306,38.8698164794184],[-107.01008985432,38.8699425486129],[-107.009362461744,38.870076710894],[-107.008732982175,38.8699659039038],[-107.008206406605,38.8698127766849],[-107.007837810174,38.8696929715688],[-107.00731237862,38.8695803672758],[-107.006839509578,38.8694668570347],[-107.006211958525,38.8694370965645],[-107.005432721665,38.8695721253023],[-107.004861147523,38.8696630360416],[-107.00434141303,38.8697530539631],[-107.003664295024,38.8698052242077],[-107.003093621239,38.8699411627572],[-107.002526590812,38.8701941709572],[-107.00196033292,38.8704877098849],[-107.001181201698,38.8706272137523],[-107.000607339902,38.8706370495507],[-107.000137522426,38.8706450999632],[-106.99987297737,38.8705234868247],[-106.999557854575,38.8704477912997],[-106.999190169404,38.8703729950597],[-106.998821350673,38.8702576703384],[-106.998455162977,38.870223392848],[-106.998031873891,38.870027904601],[-106.997661796683,38.8698675457877],[-106.997345544327,38.8697513168235],[-106.996610187144,38.8696017088747],[-106.996238333899,38.8693647875689],[-106.995869038269,38.8692449563608],[-106.995347386303,38.8692538735683],[-106.994723364356,38.8693501363369],[-106.994468023345,38.8695572327199],[-106.993906752499,38.8700173398271],[-106.993441465524,38.8701874728613],[-106.993233018515,38.8701910320567],[-106.992915278738,38.8700342696708],[-106.992754019059,38.8698703302312],[-106.992431754603,38.869551456691],[-106.992372637511,38.8693046798589],[-106.992107464742,38.8691470180543],[-106.991788600666,38.8689497249252],[-106.991416405685,38.8687127938706],[-106.991047840934,38.8685929348093],[-106.990681305074,38.8685586387234],[-106.990212627764,38.8686071763731],[-106.990007701656,38.8687368152738],[-106.989907821027,38.86890070492],[-106.989812461048,38.8692267045374],[-106.989816982181,38.8693888145814],[-106.989771687355,38.8696373724499],[-106.98951294011,38.8697228758495],[-106.988991282632,38.8697317647579],[-106.981627711463,38.869654255201],[-106.981413151247,38.869450657732],[-106.9812520449,38.869291204716],[-106.981036486606,38.8690515818403],[-106.980871880284,38.8687660419839],[-106.980805052792,38.8682400671094],[-106.980733600048,38.8675474780795],[-106.980670025101,38.8671385831362],[-106.980504785632,38.8668170117309],[-106.98012913904,38.8664539569435],[-106.979010701828,38.8656574792658],[-106.977675508262,38.8645763292803],[-106.976504930606,38.8637807100557],[-106.974108167071,38.8620642297211],[-106.972410468767,38.8610747455776],[-106.970292893227,38.8600067236547],[-106.968649726444,38.8590973571436],[-106.967271318478,38.8583456939744],[-106.96547240207,38.8574794529814],[-106.9644142685,38.856965645163],[-106.962449050907,38.8557327263988],[-106.961656378527,38.8553766188131],[-106.961394305141,38.8553404746995],[-106.961081512168,38.8553457289258],[-106.960715055036,38.8553113365099],[-106.960297518562,38.8553183475741],[-106.95998138712,38.8552020138464],[-106.959346183681,38.8548882990853],[-106.957387777434,38.8538984612704],[-106.95532627602,38.8529553687723],[-106.952786127981,38.8516913636658],[-106.951727060529,38.8511369072078],[-106.951139923978,38.8506556498176],[-106.950448180648,38.8501806420637],[-106.949273948456,38.8492181102219],[-106.948372253211,38.8487015422911],[-106.947203361824,38.8479461406809],[-106.946030437311,38.8470286056989],[-106.945440805215,38.846466265959],[-106.944475205347,38.8455047130945],[-106.943718249134,38.844535173669],[-106.942481735466,38.8432086830431],[-106.941616179133,38.8420832521903],[-106.940968810539,38.8413146074993],[-106.940646164982,38.8409550453107],[-106.940273059467,38.8406729098216],[-106.939741332947,38.8403168189815],[-106.939052204492,38.8399182870567],[-106.938095579694,38.8392809076516],[-106.935601448422,38.8377724712156],[-106.934223055097,38.8369798606258],[-106.932999396438,38.8361035775496],[-106.932041778814,38.8354256163259],[-106.930121738113,38.8339030545466],[-106.924791500329,38.8297470777845],[-106.915631513889,38.8228379379115],[-106.907481134594,38.8165648366855],[-106.904977874629,38.814645895647],[-106.902268255917,38.81281135546],[-106.900359631279,38.8116575351564],[-106.899192926651,38.8109421502103],[-106.898713786426,38.8105850118339],[-106.898445687046,38.8103010312848],[-106.898279518822,38.8099388035469],[-106.898007836923,38.8095332372952],[-106.897738427924,38.8092132339655],[-106.897313857859,38.8089317928801],[-106.895191407628,38.8075786206863],[-106.892268310801,38.805544566915],[-106.885316567691,38.8010435523139],[-106.878310813844,38.7964663909012],[-106.876980919092,38.7954650619881],[-106.876553079924,38.7950664577114],[-106.876332665933,38.7946194670417],[-106.876004766335,38.7940525586723],[-106.875127999781,38.7924357120245],[-106.872770920844,38.7880628175335],[-106.871791076405,38.7864881433433],[-106.871454071997,38.7855564356068],[-106.870836695641,38.783890343924],[-106.869748343027,38.7801548316365],[-106.867334466074,38.7735751087858],[-106.866146433661,38.7700033391952],[-106.864854266224,38.7664332166443],[-106.864338676641,38.7646438140404],[-106.863331706386,38.7620062305882],[-106.862369201951,38.7590840912203],[-106.86169209759,38.7570945074515],[-106.861067154379,38.7551040880482],[-106.86066522345,38.7536822930106],[-106.860206981024,38.7520991999327],[-106.859808602339,38.7507989889716],[-106.859045053532,38.7495045863764],[-106.858158624709,38.7474777592946],[-106.857056318035,38.7451660123226],[-106.856721461016,38.7443153150613],[-106.85665779756,38.7438702959898],[-106.856523248778,38.7426875239416],[-106.856365136399,38.7406085588332],[-106.856279204524,38.7393033687288],[-106.856111211032,38.7388555007382],[-106.855944386844,38.7384526675233],[-106.855455346602,38.7376855104236],[-106.854154768441,38.735746318265],[-106.853018603448,38.7341288901845],[-106.852253271132,38.7327533688203],[-106.851596841933,38.7315428152945],[-106.851313060524,38.7306462366806],[-106.851136750777,38.7298741054191],[-106.850512366299,38.7278836076443],[-106.850122435753,38.7269121146587],[-106.849843351136,38.7261821560574],[-106.84962019517,38.7256135051114],[-106.849240741893,38.725047326733],[-106.848593839468,38.7242015386804],[-106.848263367661,38.7235129369259],[-106.848040233262,38.7229442822015],[-106.84792025561,38.7223334476324],[-106.847798191951,38.7216415490064],[-106.847560010777,38.7204603992356],[-106.847405364135,38.7185030026943],[-106.847314419368,38.7169951368623],[-106.847230783599,38.7157709942789],[-106.847371410857,38.7151605448472],[-106.847724107224,38.7147044314883],[-106.848132383284,38.7143690836792],[-106.848593549154,38.7140779518473],[-106.848796697465,38.7138719965017],[-106.848841362324,38.7135829454022],[-106.84887871707,38.7130101706421],[-106.848788796143,38.7115428371805],[-106.848673128036,38.711098633348],[-106.848768838634,38.7107682263505],[-106.849019890436,38.7103993189995],[-106.84926559991,38.7098232478211],[-106.849413396107,38.7094920162357],[-106.849484715774,38.7082293792341],[-106.849511502577,38.7072467807046],[-106.849401060418,38.7070052371037],[-106.84933877171,38.7065962321584],[-106.84922415378,38.7061925603867],[-106.849358934574,38.7053704471313],[-106.849495231785,38.7045933635586],[-106.849579441839,38.7038171039232],[-106.849405881146,38.7011256254132],[-106.849256113398,38.6973344525357],[-106.849372690364,38.6957782466092],[-106.849507929293,38.6949606302052],[-106.849812047301,38.6946314297958],[-106.850170898876,38.6944185027103],[-106.850684368417,38.6941265351519],[-106.851298379497,38.6937068221019],[-106.852066998797,38.6932080648227],[-106.852569519631,38.6925062713763],[-106.852717266822,38.6921750359587],[-106.852757839945,38.6917283585835],[-106.852693097714,38.6912382962371],[-106.852419009864,38.6907110025453],[-106.852295923599,38.6899785727759],[-106.852229095718,38.6894074458495],[-106.852088635277,38.6859810610187],[-106.851866474651,38.6834119950417],[-106.85200339901,38.6826754452412],[-106.852198090908,38.6821452286871],[-106.852289571241,38.6816526902616],[-106.852525757619,38.6807118238268],[-106.852496258701,38.6795679181193],[-106.852156451648,38.6785100256872],[-106.851664066512,38.6775806999412],[-106.850535310015,38.6762109047585],[-106.849572180568,38.6752034163684],[-106.848873324253,38.6743584412619],[-106.848441416922,38.6737525340842],[-106.848271672445,38.6732280841627],[-106.847996648289,38.6726602438081],[-106.847622714051,38.6722967093682],[-106.847147218682,38.6720203810456],[-106.846452589885,38.671337518684],[-106.845705230047,38.6706149356446],[-106.845480215162,38.6699652019417],[-106.845507063588,38.6689825972184],[-106.845621374935,38.6673498315828],[-106.845796068099,38.6660405025396],[-106.845986486378,38.6653436619054],[-106.846341042157,38.6649686195365],[-106.846649218989,38.6648015578768],[-106.847209704001,38.6643061196269],[-106.847564248344,38.6639310737693],[-106.847816194375,38.6636027024072],[-106.84790977042,38.6631912303987],[-106.847946079418,38.6625779194094],[-106.847983431163,38.6620051406667],[-106.848077120316,38.6615981720841],[-106.848430605004,38.6611825915567],[-106.84868566381,38.6609758154752],[-106.849774152557,38.6607919011892],[-106.850656623133,38.6606968405216],[-106.85200861949,38.6606348865509],[-106.85268286987,38.6605431082359],[-106.853358521771,38.6604918526017],[-106.853873472977,38.6602809458486],[-106.854334518462,38.6599852887321],[-106.854581877749,38.6594947806333],[-106.854673319099,38.6590022396516],[-106.854809491979,38.6582251476175],[-106.854843649792,38.6575307711249],[-106.854977727171,38.6566726144256],[-106.855082874568,38.6567114952129],[-106.855378327695,38.6560535217915],[-106.855831658575,38.655474139751],[-106.856186473552,38.6550990637185],[-106.856698238,38.6547665489764],[-106.857365339466,38.6543865106711],[-106.858396533774,38.6540051884531],[-106.859585151789,38.6536573973199],[-106.860049035066,38.6534878245841],[-106.860305082788,38.6533215564887],[-106.86056112817,38.6531552878758],[-106.860965498973,38.6526983115016],[-106.861574215448,38.6520758858377],[-106.86268401523,38.6507110932031],[-106.863794465588,38.6493868285413],[-106.86500932364,38.6480608884034],[-106.865663701297,38.6471944207182],[-106.866218877662,38.6465322764504],[-106.866518397083,38.6460364054199],[-106.866658630128,38.6454214297995],[-106.866852763671,38.6448911965881],[-106.866994044063,38.6443167525872],[-106.866981302615,38.6438258649207],[-106.86681360732,38.64338250502],[-106.866693990541,38.642771676755],[-106.866677044635,38.6421186607574],[-106.866821118004,38.6416658186402],[-106.867121666319,38.641210478313],[-106.867578443985,38.6407571479416],[-106.867827638782,38.6403431746788],[-106.868231199368,38.6398456374481],[-106.868584939681,38.6394344979151],[-106.869084834505,38.6386515767824],[-106.869537613271,38.6380316020045],[-106.869985452705,38.6372495091366],[-106.870483452728,38.6363810092373],[-106.870930218238,38.6355583810764],[-106.871323189985,38.6346555142366],[-106.871514342635,38.6339991687206],[-106.872012061919,38.6331351721671],[-106.872209532086,38.6327220174305],[-106.872513292002,38.6323927638267],[-106.87291958253,38.6320168133398],[-106.87352802527,38.6313943303402],[-106.873980004239,38.6307743512364],[-106.874577869591,38.6297465437757],[-106.875121100094,38.6286340060184],[-106.875673241704,38.6278502191175],[-106.875920234642,38.6273551661966],[-106.8760615297,38.6267852158578],[-106.876249333682,38.6260027640675],[-106.876437251321,38.6252248155258],[-106.876529682406,38.6247772950342],[-106.876567855456,38.6242450417761],[-106.876463701971,38.6222463010866],[-106.876500818375,38.621673515709],[-106.876647382605,38.6213062242613],[-106.876998396567,38.6208094998774],[-106.877304199939,38.6205612988834],[-106.877507950231,38.620391327586],[-106.878071754378,38.6200578852908],[-106.879966037931,38.6188830754361],[-106.885548137341,38.6154862399657],[-106.89016111807,38.6128436951639],[-106.893950268527,38.6105341971534],[-106.896358736875,38.6091435487388],[-106.897790828494,38.6082237437055],[-106.898505023031,38.6076805142843],[-106.899267655285,38.6070148475415],[-106.899723659002,38.6065614055692],[-106.900332727467,38.6059793234116],[-106.90108664796,38.6049848900899],[-106.902946843164,38.602548745693],[-106.904812271914,38.6003152311414],[-106.906027710414,38.5990699575012],[-106.906225970039,38.5986972818201],[-106.906477425904,38.5983687932239],[-106.90688883365,38.5981998925447],[-106.908629988161,38.5971487663334],[-106.911391843249,38.5953916118345],[-106.913438788349,38.594132674072],[-106.916149484637,38.5924167940901],[-106.918145338582,38.5911991605358],[-106.919322545033,38.5904860179959],[-106.920342645906,38.589734893688],[-106.921107407327,38.5891501490613],[-106.921459042162,38.5886938316835],[-106.921807788364,38.588115914115],[-106.922048209106,38.5873775796732],[-106.922070903687,38.5862778818931],[-106.922132745062,38.5846819433608],[-106.922118237058,38.5743962734054],[-106.922102433319,38.5679492471894],[-106.922077470443,38.5670125250073],[-106.922222501347,38.5666001472977],[-106.922474857313,38.5663121586329],[-106.922831780398,38.5660584947754],[-106.923544294381,38.5654745931863],[-106.924608419628,38.5644388659184],[-106.925977431422,38.5631503120613],[-106.926535031146,38.5626094910522],[-106.926785192228,38.5622404313447],[-106.926872434778,38.5616262544027],[-106.92683863515,38.5603607809024],[-106.926817080529,38.5517512239539],[-106.926879402227,38.5443747699568],[-106.934687701151,38.5444036453934],[-106.936536304666,38.5443730721964],[-106.937405732456,38.5442370358794],[-106.937915080392,38.5440709123524],[-106.938469024084,38.5436562482581],[-106.939056912156,38.5425967398367],[-106.939239524389,38.5417466895333],[-106.939519183095,38.5406922854068],[-106.940134188826,38.5387087044411],[-106.940527567895,38.5380579032716],[-106.941024399439,38.5374414288036],[-106.941626730243,38.5369088057714],[-106.942333243148,38.5364510435206],[-106.942939559558,38.5360805439654],[-106.943906265826,38.5357401000061],[-106.94532735272,38.5351127590107],[-106.947107097604,38.5344388859477],[-106.949065916321,38.533626840704],[-106.94906659979,38.533623600717]]]},"properties":{"FID":109,"GMUID":54,"COUNTY":"GUNNISON","DEERDAU":"D-57","ELKDAU":"E-5","ANTDAU":"A-99","MOOSEDAU":"M-5","BEARDAU":"B-12","LIONDAU":"L-SW","INPUT_DATE":null,"EDIT_DATE":1703721600000,"AcresGISCa":374059.2895671,"SqMilesGIS":584.46764002,"Shape__Area":2485282342.203125,"Shape__Length":234506.28203675637,"GlobalID":"8a42463b-364e-4982-ab87-3be9a8679ddb"}}]}